/*
SQLyog Ultimate v8.6 Beta2
MySQL - 5.5.5-10.1.21-MariaDB : Database - bem xyz
*********************************************************************
*/

/*!40101 SET NAMES utf8 */;

/*!40101 SET SQL_MODE=''*/;

/*!40014 SET @OLD_UNIQUE_CHECKS=@@UNIQUE_CHECKS, UNIQUE_CHECKS=0 */;
/*!40014 SET @OLD_FOREIGN_KEY_CHECKS=@@FOREIGN_KEY_CHECKS, FOREIGN_KEY_CHECKS=0 */;
/*!40101 SET @OLD_SQL_MODE=@@SQL_MODE, SQL_MODE='NO_AUTO_VALUE_ON_ZERO' */;
/*!40111 SET @OLD_SQL_NOTES=@@SQL_NOTES, SQL_NOTES=0 */;
CREATE DATABASE /*!32312 IF NOT EXISTS*/`bem xyz` /*!40100 DEFAULT CHARACTER SET latin1 */;

USE `bem xyz`;

/*Table structure for table `dim_date` */

DROP TABLE IF EXISTS `dim_date`;

CREATE TABLE `dim_date` (
  `id date` varchar(10) NOT NULL,
  `fulldate` date DEFAULT NULL,
  `day` int(2) DEFAULT NULL,
  `month` int(2) DEFAULT NULL,
  `quarter` int(2) DEFAULT NULL,
  `year` int(11) DEFAULT NULL,
  PRIMARY KEY (`id date`)
) ENGINE=InnoDB DEFAULT CHARSET=latin1;

/*Data for the table `dim_date` */

insert  into `dim_date`(`id date`,`fulldate`,`day`,`month`,`quarter`,`year`) values ('Date0001','2018-01-01',1,1,1,2018),('Date0002','2018-01-03',3,1,1,2018),('Date0003','2018-01-05',5,1,1,2018),('Date0004','2018-01-07',7,1,1,2018),('Date0005','2018-01-09',9,1,1,2018),('Date0006','2018-01-11',11,1,1,2018),('Date0007','2018-01-13',13,1,1,2018),('Date0008','2018-01-15',15,1,1,2018),('Date0009','2018-02-16',16,2,1,2018),('Date0010','2018-02-17',17,2,1,2018),('Date0011','2018-02-19',19,2,1,2018),('Date0012','2018-02-20',20,2,1,2018),('Date0013','2018-02-23',23,2,1,2018),('Date0014','2018-02-25',25,2,1,2018),('Date0015','2018-02-26',26,2,1,2018),('Date0016','2018-02-27',27,2,1,2018),('Date0017','2018-03-02',2,3,1,2018),('Date0018','2018-03-05',5,3,1,2018),('Date0019','2018-03-07',7,3,1,2018),('Date0020','2019-03-09',9,3,1,2018),('Date0021','2018-03-11',11,3,1,2018),('Date0022','2018-03-16',16,3,1,2018),('Date0023','2018-03-18',18,3,1,2018),('Date0024','2018-03-19',19,3,1,2018),('Date0025','2018-03-27',27,3,1,2018),('Date0026','2018-04-04',4,4,2,2018),('Date0027','2018-04-08',8,4,2,2018),('Date0028','2018-04-13',13,4,2,2018),('Date0029','2018-04-16',16,4,2,2018),('Date0030','2018-04-19',19,4,2,2018),('Date0031','2018-04-22',22,4,2,2018),('Date0032','2018-04-26',26,4,2,2018),('Date0033','2018-04-28',28,4,2,2018),('Date0034','2018-05-02',2,5,2,2018),('Date0035','2018-05-06',6,5,2,2018),('Date0036','2018-05-08',8,5,2,2018),('Date0037','2018-05-14',14,5,2,2018),('Date0038','2018-05-18',18,5,2,2018),('Date0039','2018-05-24',24,5,2,2018),('Date0040','2018-05-28',28,5,2,2018),('Date0041','2018-05-30',30,5,2,2018),('Date0042','2018-06-05',5,6,2,2018),('Date0043','2018-06-10',10,6,2,2018),('Date0044','2018-06-15',15,6,2,2018),('Date0045','2018-05-20',20,6,2,2018),('Date0046','2018-06-25',25,6,2,2018),('Date0047','2018-05-27',27,6,2,2018),('Date0048','2018-06-28',28,6,2,2018),('Date0049','2018-06-29',29,6,2,2018),('Date0050','2018-06-30',30,6,2,2018),('Date0051','2018-07-01',1,7,3,2018),('Date0052','2018-07-03',3,7,3,2018),('Date0053','2018-07-07',7,7,3,2018),('Date0054','2018-07-09',9,7,3,2018),('Date0055','2018-07-11',11,7,3,2018),('Date0056','2018-07-13',13,7,3,2018),('Date0057','2018-07-16',16,7,3,2018),('Date0058','2018-07-19',19,7,3,2018),('Date0059','2018-08-09',9,8,3,2018),('Date0060','2018-08-11',11,8,3,2018),('Date0061','2018-08-15',15,8,3,2018),('Date0062','2018-08-17',17,8,3,2018),('Date0063','2018-08-25',25,8,3,2018),('Date0064','2018-08-27',27,8,3,2018),('Date0065','2018-08-30',30,8,3,2018),('Date0066','2018-09-02',2,9,3,2018),('Date0067','2018-09-04',4,9,3,2018),('Date0068','2018-09-08',8,9,3,2018),('Date0069','2018-09-13',13,9,3,2018),('Date0070','2018-09-16',16,9,3,2018),('Date0071','2018-09-19',19,9,3,2018),('Date0072','2018-09-21',21,9,3,2018),('Date0073','2018-09-24',24,9,3,2018),('Date0074','2018-09-27',27,9,3,2018),('Date0075','2018-09-30',30,9,3,2018),('Date0076','2018-10-02',2,10,4,2018),('Date0077','2018-10-04',4,10,4,2018),('Date0078','2018-10-08',8,10,4,2018),('Date0079','2018-10-16',16,10,4,2018),('Date0080','2018-10-17',17,10,4,2018),('Date0081','2018-10-19',19,10,4,2018),('Date0082','2018-10-21',21,10,4,2018),('Date0083','2018-10-23',23,10,4,2018),('Date0084','2018-11-01',1,11,4,2018),('Date0085','2018-11-03',3,11,4,2018),('Date0086','2018-11-05',5,11,4,2018),('Date0087','2018-11-07',7,11,4,2018),('Date0088','2018-11-09',9,11,4,2018),('Date0089','2018-11-11',11,11,4,2018),('Date0090','2018-11-14',14,11,4,2018),('Date0091','2018-11-30',30,11,4,2018),('Date0092','2018-12-03',3,12,4,2018),('Date0093','2018-12-07',7,12,4,2018),('Date0094','2018-12-11',11,12,4,2018),('Date0095','2018-12-16',16,12,4,2018),('Date0096','2018-12-21',21,12,4,2018),('Date0097','2018-12-24',24,12,4,2018),('Date0098','2018-12-27',27,12,4,2018),('Date0099','2018-12-28',28,12,4,2018),('Date0100','2018-12-30',30,12,4,2018);

/*Table structure for table `dim_item` */

DROP TABLE IF EXISTS `dim_item`;

CREATE TABLE `dim_item` (
  `id item` varchar(50) NOT NULL,
  `nama item` varchar(45) DEFAULT NULL,
  `stok` bigint(20) DEFAULT NULL,
  `version` int(11) DEFAULT NULL,
  `date_from` datetime DEFAULT NULL,
  `date_to` datetime DEFAULT NULL,
  PRIMARY KEY (`id item`)
) ENGINE=InnoDB DEFAULT CHARSET=latin1;

/*Data for the table `dim_item` */

insert  into `dim_item`(`id item`,`nama item`,`stok`,`version`,`date_from`,`date_to`) values ('ITEM0001','Sapu Lidi, Sapu Lawa-lawa, Kain Pel, Kemoceng',2,NULL,NULL,NULL),('ITEM0002','Speaker kecil, gitar, tagading',3,NULL,NULL,NULL),('ITEM0003','uang tunai, kartu atm, hand phone',4,NULL,NULL,NULL),('ITEM0004','mobil, kunci, motor',5,NULL,NULL,NULL),('ITEM0005','piala, piagam, hadiah, spanduk',10,NULL,NULL,NULL),('ITEM0006','Speaker kecil, gitar, tagading',21,NULL,NULL,NULL),('ITEM0007','uang tunai, kartu atm, hand phone',6,NULL,NULL,NULL),('ITEM0008','bola, net, catur, pompa, peluit, kok',1,NULL,NULL,NULL),('ITEM0009','kamera, speaker, laptop, printer',11,NULL,NULL,NULL),('ITEM0010','bendera, stempel, jam dinding, gooddie bag',2,NULL,NULL,NULL),('ITEM0011','buku PCA, sticker, kotak P3K, karpet',2,NULL,NULL,NULL),('ITEM0012','piala, piagam, hadiah, spanduk',3,NULL,NULL,NULL),('ITEM0013','mobil, kunci, motor',4,NULL,NULL,NULL),('ITEM0014','bendera, stempel, jam dinding, gooddie bag',5,NULL,NULL,NULL),('ITEM0015','Sapu Lidi, Sapu Lawa-lawa, Kain Pel, Kemoceng',5,NULL,NULL,NULL),('ITEM0016','bola, net, catur, pompa, peluit, kok',10,NULL,NULL,NULL),('ITEM0017','tinta, stempel, tablet, tali plastik',21,NULL,NULL,NULL),('ITEM0018','piala, piagam, hadiah, spanduk',6,NULL,NULL,NULL),('ITEM0019','buku PCA, sticker, kotak P3K, karpet',1,NULL,NULL,NULL),('ITEM0020','mobil, kunci, motor',11,NULL,NULL,NULL),('ITEM0021','uang tunai, kartu atm, hand phone',4,NULL,NULL,NULL),('ITEM0022','piala, piagam, hadiah, spanduk',5,NULL,NULL,NULL),('ITEM0023','tinta, stempel, tablet, tali plastik',2,NULL,NULL,NULL),('ITEM0024','bendera, stempel, jam dinding, gooddie bag',3,NULL,NULL,NULL),('ITEM0025','Speaker kecil, gitar, tagading',4,NULL,NULL,NULL),('ITEM0026','bola, net, catur, pompa, peluit, kok',5,NULL,NULL,NULL),('ITEM0027','buku PCA, sticker, kotak P3K, karpet',5,NULL,NULL,NULL),('ITEM0028','mobil, kunci, motor',2,NULL,NULL,NULL),('ITEM0029','uang tunai, kartu atm, hand phone',3,NULL,NULL,NULL),('ITEM0030','gunting, palet, kuas, spidol, kertas',3,NULL,NULL,NULL),('ITEM0031','Sapu Lidi, Sapu Lawa-lawa, Kain Pel, Kemoceng',4,NULL,NULL,NULL),('ITEM0032','gunting, palet, kuas, spidol, kertas',5,NULL,NULL,NULL),('ITEM0033','uang tunai, kartu atm, hand phone',2,NULL,NULL,NULL),('ITEM0034','piala, piagam, hadiah, spanduk',3,NULL,NULL,NULL),('ITEM0035','bendera, stempel, jam dinding, gooddie bag',4,NULL,NULL,NULL),('ITEM0036','buku PCA, sticker, kotak P3K, karpet',5,NULL,NULL,NULL),('ITEM0037','Speaker kecil, gitar, tagading',3,NULL,NULL,NULL),('ITEM0038','tinta, stempel, tablet, tali plastik',4,NULL,NULL,NULL),('ITEM0039','bola, net, catur, pompa, peluit, kok',5,NULL,NULL,NULL),('ITEM0040','mobil, kunci, motor',2,NULL,NULL,NULL),('ITEM0041','tinta, stempel, tablet, tali plastik',3,NULL,NULL,NULL),('ITEM0042','buku PCA, sticker, kotak P3K, karpet',4,NULL,NULL,NULL),('ITEM0043','kamera, speaker, laptop, printer',3,NULL,NULL,NULL),('ITEM0044','gunting, palet, kuas, spidol, kertas',4,NULL,NULL,NULL),('ITEM0045','uang tunai, kartu atm, hand phone',5,NULL,NULL,NULL),('ITEM0046','bendera, stempel, jam dinding, gooddie bag',4,NULL,NULL,NULL),('ITEM0047','piala, piagam, hadiah, spanduk',5,NULL,NULL,NULL),('ITEM0048','mobil, kunci, motor',3,NULL,NULL,NULL),('ITEM0049','tinta, stempel, tablet, tali plastik',4,NULL,NULL,NULL),('ITEM0050','buku PCA, sticker, kotak P3K, karpet',5,NULL,NULL,NULL),('ITEM0051','piala, piagam, hadiah, spanduk',2,NULL,NULL,NULL),('ITEM0052','Speaker kecil, gitar, tagading',3,NULL,NULL,NULL),('ITEM0053','bola, net, catur, pompa, peluit, kok',4,NULL,NULL,NULL),('ITEM0054','uang tunai, kartu atm, hand phone',3,NULL,NULL,NULL),('ITEM0055','bendera, stempel, jam dinding, gooddie bag',2,NULL,NULL,NULL),('ITEM0056','kamera, speaker, laptop, printer',3,NULL,NULL,NULL),('ITEM0057','gunting, palet, kuas, spidol, kertas',4,NULL,NULL,NULL),('ITEM0058','bola, net, catur, pompa, peluit, kok',5,NULL,NULL,NULL),('ITEM0059','piala, piagam, hadiah, spanduk',1,NULL,NULL,NULL),('ITEM0060','mobil, kunci, motor',2,NULL,NULL,NULL),('ITEM0061','buku PCA, sticker, kotak P3K, karpet',3,NULL,NULL,NULL),('ITEM0062','uang tunai, kartu atm, hand phone',2,NULL,NULL,NULL),('ITEM0063','bendera, stempel, jam dinding, gooddie bag',3,NULL,NULL,NULL),('ITEM0064','kamera, speaker, laptop, printer',4,NULL,NULL,NULL),('ITEM0065','tinta, stempel, tablet, tali plastik',5,NULL,NULL,NULL),('ITEM0066','uang tunai, kartu atm, hand phone',1,NULL,NULL,NULL),('ITEM0067','gunting, palet, kuas, spidol, kertas',2,NULL,NULL,NULL),('ITEM0068','Speaker kecil, gitar, tagading',5,NULL,NULL,NULL),('ITEM0069','bola, net, catur, pompa, peluit, kok',3,NULL,NULL,NULL),('ITEM0070','uang tunai, kartu atm, hand phone',2,NULL,NULL,NULL),('ITEM0071','mobil, kunci, motor',3,NULL,NULL,NULL),('ITEM0072','bendera, stempel, jam dinding, gooddie bag',4,NULL,NULL,NULL),('ITEM0073','Sapu Lidi, Sapu Lawa-lawa, Kain Pel, Kemoceng',5,NULL,NULL,NULL),('ITEM0074','buku PCA, sticker, kotak P3K, karpet',1,NULL,NULL,NULL),('ITEM0075','uang tunai, kartu atm, hand phone',2,NULL,NULL,NULL),('ITEM0076','mobil, kunci, motor',4,NULL,NULL,NULL),('ITEM0077','gunting, palet, kuas, spidol, kertas',5,NULL,NULL,NULL),('ITEM0078','kamera, speaker, laptop, printer',2,NULL,NULL,NULL),('ITEM0079','bendera, stempel, jam dinding, gooddie bag',7,NULL,NULL,NULL),('ITEM0080','mobil, kunci, motor',3,NULL,NULL,NULL),('ITEM0081','tinta, stempel, tablet, tali plastik',5,NULL,NULL,NULL),('ITEM0082','piala, piagam, hadiah, spanduk',2,NULL,NULL,NULL),('ITEM0083','Speaker kecil, gitar, tagading',7,NULL,NULL,NULL),('ITEM0084','bendera, stempel, jam dinding, gooddie bag',3,NULL,NULL,NULL),('ITEM0085','bola, net, catur, pompa, peluit, kok',1,NULL,NULL,NULL),('ITEM0086','kamera, speaker, laptop, printer',2,NULL,NULL,NULL),('ITEM0087','buku PCA, sticker, kotak P3K, karpet',3,NULL,NULL,NULL),('ITEM0088','piala, piagam, hadiah, spanduk',4,NULL,NULL,NULL),('ITEM0089','uang tunai, kartu atm, hand phone',5,NULL,NULL,NULL),('ITEM0090','tinta, stempel, tablet, tali plastik',3,NULL,NULL,NULL),('ITEM0091','Sapu Lidi, Sapu Lawa-lawa, Kain Pel, Kemoceng',1,NULL,NULL,NULL),('ITEM0092','bendera, stempel, jam dinding, gooddie bag',2,NULL,NULL,NULL),('ITEM0093','kamera, speaker, laptop, printer',3,NULL,NULL,NULL),('ITEM0094','buku PCA, sticker, kotak P3K, karpet',4,NULL,NULL,NULL),('ITEM0095','bendera, stempel, jam dinding, gooddie bag',2,NULL,NULL,NULL),('ITEM0096','piala, piagam, hadiah, spanduk',3,NULL,NULL,NULL),('ITEM0097','bola, net, catur, pompa, peluit, kok',4,NULL,NULL,NULL),('ITEM0098','kamera, speaker, laptop, printer',5,NULL,NULL,NULL),('ITEM0099','piala, piagam, hadiah, spanduk',7,NULL,NULL,NULL),('ITEM0100','Speaker kecil, gitar, tagading',8,NULL,NULL,NULL);

/*Table structure for table `dim_lokasi` */

DROP TABLE IF EXISTS `dim_lokasi`;

CREATE TABLE `dim_lokasi` (
  `id location` varchar(10) NOT NULL,
  `alamat` varchar(50) DEFAULT NULL,
  `city` varchar(50) DEFAULT NULL,
  `provinsi` varchar(50) DEFAULT NULL,
  `country` varchar(50) DEFAULT NULL,
  PRIMARY KEY (`id location`)
) ENGINE=InnoDB DEFAULT CHARSET=latin1;

/*Data for the table `dim_lokasi` */

insert  into `dim_lokasi`(`id location`,`alamat`,`city`,`provinsi`,`country`) values ('LOC0001','USU gd ILKOM','Medan','Sumatera Utara','Indonesia'),('LOC0002','UNSYAH gd 2','Aceh','Banda Aceh','Indonesia'),('LOC0003','Institut Teknologi Del gd 9','Toba Samosir','Sumatera Utara','Indonesia'),('LOC0004','institut Teknologi Bandung gd 3 lt 4','Bandung','Jawa Barat','Indonesia'),('LOC0005','UNIB gd 7 lt 3','Bengkulu','Bengkulu','Indonesia'),('LOC0006','UNDALAS gd 9 lt 2','Padang','Sumatera Barat','Indonesia'),('LOC0007','UNSRI gd 4 lt 1','Palembang','Sumatera Selatan','Indonesia'),('LOC0008','ITS gd 7 lt 4','Surabaya','Jawa Timur','Indonesia'),('LOC0009','UIN Sultan Maulana ','Serang','Banten','Indonesia'),('LOC0010','UNDIP gd 5 lt 4','Semarang','Jawa Tengah','Indonesia'),('LOC0011','UNIMED gd 7 lt 2','Medan','Sumatera Utara','Indonesia'),('LOC0012','UNIB gd 7 lt 3','Bengkulu','Bengkulu','Indonesia'),('LOC0013','UNJ gd 7 lt 9','Jakarta','DKI Jakarta','Indonesia'),('LOC0014','ITM GD 1 lt 1','Medan','Sumatera Utara','Indonesia'),('LOC0015','UNIB gd 7 lt 4','Bengkulu','Bengkulu','Indonesia'),('LOC0016','USU gd ILKOM','Medan','Sumatera Utara','Indonesia'),('LOC0017','UNJ gd 7 lt 9','Jakarta','DKI Jakarta','Indonesia'),('LOC0018','USU gd ILKOM','Medan','Sumatera Utara','Indonesia'),('LOC0019','Auditorium IT DEL ','Toba Samosir','Sumatera Utara','Indonesia'),('LOC0020','GSG IT DEL','Toba Samosir','Sumatera Utara','Indonesia'),('LOC0021','POLMED gd 2 lt 2','Medan','Sumatera Utara','Indonesia'),('LOC0022','UI ILKOM','Depok','Jawa Barat','Indonesia'),('LOC0023','GSG IT DEL','Toba Samosir','Sumatera Utara','Indonesia'),('LOC0024','Auditorium IT DEL ','Toba Samosir','Sumatera Utara','Indonesia'),('LOC0025','POLMED gd 2 lt 2','Medan','Sumatera Utara','Indonesia'),('LOC0026','OT IT DEL','Toba Samosir','Sumatera Utara','Indonesia'),('LOC0027','USU gd ILKOM','Medan','Sumatera Utara','Indonesia'),('LOC0028','EH IT DEL','Toba Samosir','Sumatera Utara','Indonesia'),('LOC0029','UNDIP ILKOM','Semarang','Jawa Tengah','Indonesia'),('LOC0030','OT IT DEL','Toba Samosir','Sumatera Utara','Indonesia'),('LOC0031','POLTEK NEGERI JAKARTA','Jakarta','DKI Jakarta','Indonesia'),('LOC0032','UNIB gd 7 lt 4','Bengkulu','Bengkulu','Indonesia'),('LOC0033','Auditorium IT DEL ','Toba Samosir','Sumatera Utara','Indonesia'),('LOC0034','Auditorium IT DEL ','Toba Samosir','Sumatera Utara','Indonesia'),('LOC0035','UDAYANA ILKOM','Bali','Denpasar','Indonesia'),('LOC0036','Auditorium IT DEL ','Toba Samosir','Sumatera Utara','Indonesia'),('LOC0037','POLTEK NEGERI SEMARANG','Semarang','Jawa Tengah','Indonesia'),('LOC0038','GSG IT DEL','Toba Samosir','Sumatera Utara','Indonesia'),('LOC0039','Auditorium IT DEL ','Toba Samosir','Sumatera Utara','Indonesia'),('LOC0040','USU gd ILKOM','Medan','Sumatera Utara','Indonesia'),('LOC0041','POLMED gd 2 lt 2','Medan','Sumatera Utara','Indonesia'),('LOC0042','GSG IT DEL','Toba Samosir','Sumatera Utara','Indonesia'),('LOC0043','OT IT DEL','Toba Samosir','Sumatera Utara','Indonesia'),('LOC0044','Auditorium IT DEL ','Toba Samosir','Sumatera Utara','Indonesia'),('LOC0045','UNIB gd 7 lt 3','Bengkulu','Bengkulu','Indonesia'),('LOC0046','UNJ Teknik Industri','Jakarta','DKI Jakarta','Indonesia'),('LOC0047','Auditorium IT DEL ','Toba Samosir','Sumatera Utara','Indonesia'),('LOC0048','UNIV VETERAN  Jakarta','Jakarta','DKI Jakarta','Indonesia'),('LOC0049','OT IT DEL','Toba Samosir','Sumatera Utara','Indonesia'),('LOC0050','GSG IT DEL','Toba Samosir','Sumatera Utara','Indonesia'),('LOC0051','USU ILKOM','Medan','Sumatera Utara','Indonesia'),('LOC0052','POLTEK NEGERI MEDAN','Medan','Sumatera Utara','Indonesia'),('LOC0053','GSG IT DEL','Toba Samosir','Sumatera Utara','Indonesia'),('LOC0054','USU gd ILKOM','Medan','Sumatera Utara','Indonesia'),('LOC0055','UNSRI gd 4 lt 1','Palembang','Sumatera Selatan','Indonesia'),('LOC0056','GSG IT DEL','Toba Samosir','Sumatera Utara','Indonesia'),('LOC0057','POLMED gd 2 lt 2','Medan','Sumatera Utara','Indonesia'),('LOC0058','OT IT DEL','Toba Samosir','Sumatera Utara','Indonesia'),('LOC0059','POLTEKES JAKARTA','Jakarta','DKI Jakarta','Indonesia'),('LOC0060','Auditorium IT DEL ','Toba Samosir','Sumatera Utara','Indonesia'),('LOC0061','UNIB gd 7 lt 3','Bengkulu','Bengkulu','Indonesia'),('LOC0062','GSG IT DEL','Toba Samosir','Sumatera Utara','Indonesia'),('LOC0063','USU ILKOM','Medan','Sumatera Utara','Indonesia'),('LOC0064','UNDIP ILKOM','Semarang','Jawa Tengah','Indonesia'),('LOC0065','GSG IT DEL','Toba Samosir','Sumatera Utara','Indonesia'),('LOC0066','OT IT DEL','Toba Samosir','Sumatera Utara','Indonesia'),('LOC0067','USU gd ILKOM','Medan','Sumatera Utara','Indonesia'),('LOC0068','GSG IT DEL','Toba Samosir','Sumatera Utara','Indonesia'),('LOC0069','POLTEK NEGERI JAKARTA','Jakarta','DKI Jakarta','Indonesia'),('LOC0070','GSG IT DEL','Toba Samosir','Sumatera Utara','Indonesia'),('LOC0071','Auditorium IT DEL ','Toba Samosir','Sumatera Utara','Indonesia'),('LOC0072','UNS  gd 5 lt 6','Semarang','Jawa Tengah','Indonesia'),('LOC0073','IT Del gd 5 ','Toba Samosir','Sumatera Utara','Indonesia'),('LOC0074','GSG IT DEL','Toba Samosir','Sumatera Utara','Indonesia'),('LOC0075','OT IT DEL','Toba Samosir','Sumatera Utara','Indonesia'),('LOC0076','POLMED gd 2 lt 2','Medan','Sumatera Utara','Indonesia'),('LOC0077','GSG IT DEL','Toba Samosir','Sumatera Utara','Indonesia'),('LOC0078','UNIV LAMPUNG','Lampung','Lampung','Indonesia'),('LOC0079','Auditorium IT DEL ','Toba Samosir','Sumatera Utara','Indonesia'),('LOC0080','POLTEK NEGERI SEMARANG','Semarang','Jawa Tengah','Indonesia'),('LOC0081','POLTEK NEGERI JAKARTA','Jakarta','DKI Jakarta','Indonesia'),('LOC0082','POLMED gd 2 lt 2','Medan','Sumatera Utara','Indonesia'),('LOC0083','OT IT DEL','Toba Samosir','Sumatera Utara','Indonesia'),('LOC0084','GSG IT DEL','Toba Samosir','Sumatera Utara','Indonesia'),('LOC0085','UNJ gd 2 lt 9','Jakarta','DKI Jakarta','Indonesia'),('LOC0086','USU gd Teknik Industri','Medan','Sumatera Utara','Indonesia'),('LOC0087','USU gd ILKOM','Medan','Sumatera Utara','Indonesia'),('LOC0088','GSG IT DEL','Toba Samosir','Sumatera Utara','Indonesia'),('LOC0089','Auditorium IT DEL ','Toba Samosir','Sumatera Utara','Indonesia'),('LOC0090','UNDIP gd 5 lt 5','Semarang','Jawa Tengah','Indonesia'),('LOC0091','USU gd ILKOM','Medan','Sumatera Utara','Indonesia'),('LOC0092','UNIV JAMBI ','Jambi','Jambi','Indonesia'),('LOC0093','POLMED gd 2 lt 2','Medan','Sumatera Utara','Indonesia'),('LOC0094','UNJ gd 7 lt 9','Jakarta','DKI Jakarta','Indonesia'),('LOC0095','GSG IT DEL','Toba Samosir','Sumatera Utara','Indonesia'),('LOC0096','UNIMED gd 7 lt 1','Medan','Sumatera Utara','Indonesia'),('LOC0097','USU gd ILKOM','Medan','Sumatera Utara','Indonesia'),('LOC0098','Auditorium IT DEL ','Toba Samosir','Sumatera Utara','Indonesia'),('LOC0099','POLTEKES JAKARTA','Jakarta','DKI Jakarta','Indonesia'),('LOC0100','UNDIP gd 5 lt 4','Semarang','Jawa Tengah','Indonesia');

/*Table structure for table `dim_participant` */

DROP TABLE IF EXISTS `dim_participant`;

CREATE TABLE `dim_participant` (
  `id participant` varchar(10) NOT NULL,
  `prodi` varchar(50) NOT NULL,
  `kelas` varchar(10) NOT NULL,
  `jumlah` int(11) NOT NULL,
  PRIMARY KEY (`id participant`)
) ENGINE=InnoDB DEFAULT CHARSET=latin1;

/*Data for the table `dim_participant` */

insert  into `dim_participant`(`id participant`,`prodi`,`kelas`,`jumlah`) values ('PRT0001','S1 Sistem Informasi','11SI1',27),('PRT0002','S1 Sistem Informasi','11SI2',28),('PRT0003','S1 Teknik Informatika','11TI1',25),('PRT0004','S1 Teknik Informatika','11TI2',28),('PRT0005','S1 Teknik Elektro','11TE1',29),('PRT0006','S1 Teknik Elektro','11TE2',27),('PRT0007','S1 Teknik Bioproses','11TB',28),('PRT0008','S1 Manajemen Rekayasa','11MR',29),('PRT0009','S1 Manajemen Rekayasa','11MR',28),('PRT0010','D4 Teknik Informatika','41TI1',26),('PRT0011','D4 Teknik Informatika','41TI2',28),('PRT0012','D3 Teknik Informatika','31TI1',29),('PRT0013','D3 Teknik Informatika','31TI2',29),('PRT0014','D3 Teknik Komputer','31TK1',26),('PRT0015','D3 Teknik Komputer','31TK2',30),('PRT0016','S1 Sistem Informasi','12SI1',27),('PRT0017','S1 Sistem Informasi','12SI2',28),('PRT0018','S1 Teknik Informatika','12TI1',29),('PRT0019','S1 Teknik Informatika','12TI2',28),('PRT0020','S1 Teknik Elektro','12TE1',26),('PRT0021','S1 Teknik Elektro','12TE2',28),('PRT0022','S1 Teknik Bioproses','12TB',28),('PRT0023','S1 Manajemen Rekayasa','12MR1',29),('PRT0024','S1 Manajemen Rekayasa','12MR2',28),('PRT0025','D4 Teknik Informatika','42TI1',26),('PRT0026','D4 Teknik Informatika','42TI2',28),('PRT0027','D3 Teknik Informatika','32TI1',29),('PRT0028','D3 Teknik Informatika','32TI2',29),('PRT0029','D3 Teknik Komputer','32TK1',26),('PRT0030','D3 Teknik Komputer','32TK2',30),('PRT0031','S1 Sistem Informasi','13SI1',28),('PRT0032','S1 Sistem Informasi','13SI2',29),('PRT0033','S1 Teknik Informatika','13TI1',29),('PRT0034','S1 Teknik Informatika','13TI2',26),('PRT0035','S1 Teknik Elektro','13TE1',27),('PRT0036','S1 Teknik Elektro','13TE2',28),('PRT0037','S1 Teknik Bioproses','13TB',25),('PRT0038','S1 Manajemen Rekayasa','13MR1',28),('PRT0039','S1 Manajemen Rekayasa','13MR2',29),('PRT0040','D4 Teknik Informatika','43TI1',27),('PRT0041','D4 Teknik Informatika','43TI2',28),('PRT0042','D3 Teknik Informatika','33TI1',29),('PRT0043','D3 Teknik Informatika','33TI2',28),('PRT0044','D3 Teknik Komputer','33TK1',27),('PRT0045','D3 Teknik Komputer','33TK2',28),('PRT0046','S1 Sistem Informasi','14SI1',25),('PRT0047','S1 Sistem Informasi','14SI2',28),('PRT0048','S1 Teknik Informatika','14TI1',29),('PRT0049','S1 Teknik Informatika','14TI2',27),('PRT0050','S1 Teknik Elektro','14TE1',28),('PRT0051','S1 Teknik Elektro','14TE2',29),('PRT0052','S1 Teknik Bioproses','14TB',28),('PRT0053','S1 Manajemen Rekayasa','14MR1',28),('PRT0054','S1 Manajemen Rekayasa','14MR2',29),('PRT0055','D4 Teknik Informatika','44TI1',27),('PRT0056','D4 Teknik Informatika','44TI2',28),('PRT0057','D3 Teknik Informatika','34TI1',29),('PRT0058','D3 Teknik Informatika','34TI2',28),('PRT0059','D3 Teknik Komputer','34TK1',26),('PRT0060','D3 Teknik Komputer','34TK2',27),('PRT0061','S1 Sistem Informasi','11SI1',28),('PRT0062','S1 Sistem Informasi','11SI2',25),('PRT0063','S1 Teknik Informatika','11TI1',28),('PRT0064','S1 Teknik Informatika','11TI2',29),('PRT0065','S1 Teknik Elektro','11TE1',27),('PRT0066','S1 Teknik Elektro','11TE2',28),('PRT0067','S1 Teknik Bioproses','11TB',29),('PRT0068','S1 Manajemen Rekayasa','11MR',28),('PRT0069','S1 Manajemen Rekayasa','11MR',29),('PRT0070','D4 Teknik Informatika','41TI1',29),('PRT0071','D4 Teknik Informatika','41TI2',26),('PRT0072','D3 Teknik Informatika','31TI1',30),('PRT0073','D3 Teknik Informatika','31TI2',28),('PRT0074','D3 Teknik Komputer','31TK1',29),('PRT0075','D3 Teknik Komputer','31TK2',28),('PRT0076','S1 Sistem Informasi','12SI1',29),('PRT0077','S1 Sistem Informasi','12SI2',29),('PRT0078','S1 Teknik Informatika','12TI1',26),('PRT0079','S1 Teknik Informatika','12TI2',30),('PRT0080','S1 Teknik Elektro','12TE1',28),('PRT0081','S1 Teknik Elektro','12TE2',26),('PRT0082','S1 Teknik Bioproses','12TB',28),('PRT0083','S1 Manajemen Rekayasa','12MR1',29),('PRT0084','S1 Manajemen Rekayasa','12MR12',29),('PRT0085','D4 Teknik Informatika','42TI1',28),('PRT0086','D4 Teknik Informatika','42TI2',29),('PRT0087','D3 Teknik Informatika','32TI1',28),('PRT0088','D3 Teknik Informatika','32TI2',29),('PRT0089','D3 Teknik Komputer','32TK1',29),('PRT0090','D3 Teknik Komputer','32TK2',26),('PRT0091','S1 Sistem Informasi','13SI1',30),('PRT0092','S1 Sistem Informasi','13SI2',28),('PRT0093','S1 Teknik Informatika','13TI1',29),('PRT0094','S1 Teknik Informatika','13TI2',28),('PRT0095','S1 Teknik Elektro','13TE1',26),('PRT0096','S1 Teknik Elektro','13TE2',28),('PRT0097','S1 Teknik Bioproses','13TB',29),('PRT0098','S1 Manajemen Rekayasa','13MR',28),('PRT0099','S1 Manajemen Rekayasa','13MR',26),('PRT0100','D4 Teknik Informatika','43TI1',28);

/*Table structure for table `dim_pemasukan` */

DROP TABLE IF EXISTS `dim_pemasukan`;

CREATE TABLE `dim_pemasukan` (
  `id pemasukan` varchar(10) NOT NULL,
  `jumlah pemasukan` int(11) DEFAULT NULL,
  PRIMARY KEY (`id pemasukan`)
) ENGINE=InnoDB DEFAULT CHARSET=latin1;

/*Data for the table `dim_pemasukan` */

insert  into `dim_pemasukan`(`id pemasukan`,`jumlah pemasukan`) values ('IN0001',5000000),('IN0002',15000000),('IN0003',5000000),('IN0004',15000000),('IN0005',10000000),('IN0006',10000000),('IN0007',10000000),('IN0008',10000000),('IN0009',10000000),('IN0010',10000000),('IN0011',5000000),('IN0012',10000000),('IN0013',10000000),('IN0014',5000000),('IN0015',10000000),('IN0016',5000000),('IN0017',10000000),('IN0018',5000000),('IN0019',5000000),('IN0020',5000000),('IN0021',5000000),('IN0022',10000000),('IN0023',5000000),('IN0024',5000000),('IN0025',5000000),('IN0026',5000000),('IN0027',5000000),('IN0028',5000000),('IN0029',10000000),('IN0030',5000000),('IN0031',10000000),('IN0032',10000000),('IN0033',5000000),('IN0034',5000000),('IN0035',15000000),('IN0036',5000000),('IN0037',10000000),('IN0038',5000000),('IN0039',5000000),('IN0040',5000000),('IN0041',5000000),('IN0042',5000000),('IN0043',5000000),('IN0044',5000000),('IN0045',10000000),('IN0046',10000000),('IN0047',5000000),('IN0048',10000000),('IN0049',5000000),('IN0050',5000000),('IN0051',5000000),('IN0052',5000000),('IN0053',5000000),('IN0054',5000000),('IN0055',10000000),('IN0056',5000000),('IN0057',5000000),('IN0058',5000000),('IN0059',10000000),('IN0060',5000000),('IN0061',10000000),('IN0062',5000000),('IN0063',5000000),('IN0064',10000000),('IN0065',5000000),('IN0066',5000000),('IN0067',5000000),('IN0068',5000000),('IN0069',10000000),('IN0070',5000000),('IN0071',5000000),('IN0072',10000000),('IN0073',5000000),('IN0074',5000000),('IN0075',5000000),('IN0076',5000000),('IN0077',5000000),('IN0078',10000000),('IN0079',5000000),('IN0080',10000000),('IN0081',10000000),('IN0082',5000000),('IN0083',5000000),('IN0084',5000000),('IN0085',10000000),('IN0086',5000000),('IN0087',5000000),('IN0088',5000000),('IN0089',5000000),('IN0090',10000000),('IN0091',5000000),('IN0092',10000000),('IN0093',5000000),('IN0094',10000000),('IN0095',5000000),('IN0096',5000000),('IN0097',5000000),('IN0098',5000000),('IN0099',10000000),('IN0100',10000000);

/*Table structure for table `dim_pengeluaran` */

DROP TABLE IF EXISTS `dim_pengeluaran`;

CREATE TABLE `dim_pengeluaran` (
  `id pengeluaran` varchar(10) NOT NULL,
  `jumlah pengeluaran` int(11) DEFAULT NULL,
  `id item` varchar(10) DEFAULT NULL,
  PRIMARY KEY (`id pengeluaran`),
  KEY `itempengeluaran` (`id item`),
  CONSTRAINT `itempengeluaran` FOREIGN KEY (`id item`) REFERENCES `dim_item` (`id item`)
) ENGINE=InnoDB DEFAULT CHARSET=latin1;

/*Data for the table `dim_pengeluaran` */

insert  into `dim_pengeluaran`(`id pengeluaran`,`jumlah pengeluaran`,`id item`) values ('OUT0001',5000000,NULL),('OUT0002',10000000,NULL),('OUT0003',2000000,NULL),('OUT0004',10000000,NULL),('OUT0005',8000000,NULL),('OUT0006',6000000,NULL),('OUT0007',8000000,NULL),('OUT0008',10000000,NULL),('OUT0009',10000000,NULL),('OUT0010',10000000,NULL),('OUT0011',5000000,NULL),('OUT0012',8000000,NULL),('OUT0013',10000000,NULL),('OUT0014',5000000,NULL),('OUT0015',8000000,NULL),('OUT0016',5000000,NULL),('OUT0017',10000000,NULL),('OUT0018',5000000,NULL),('OUT0019',2000000,NULL),('OUT0020',2000000,NULL),('OUT0021',5000000,NULL),('OUT0022',10000000,NULL),('OUT0023',2000000,NULL),('OUT0024',2000000,NULL),('OUT0025',5000000,NULL),('OUT0026',2000000,NULL),('OUT0027',5000000,NULL),('OUT0028',2000000,NULL),('OUT0029',10000000,NULL),('OUT0030',2000000,NULL),('OUT0031',10000000,NULL),('OUT0032',8000000,NULL),('OUT0033',2000000,NULL),('OUT0034',2000000,NULL),('OUT0035',12000000,NULL),('OUT0036',2000000,NULL),('OUT0037',10000000,NULL),('OUT0038',2000000,NULL),('OUT0039',2000000,NULL),('OUT0040',5000000,NULL),('OUT0041',5000000,NULL),('OUT0042',2000000,NULL),('OUT0043',2000000,NULL),('OUT0044',2000000,NULL),('OUT0045',8000000,NULL),('OUT0046',10000000,NULL),('OUT0047',2000000,NULL),('OUT0048',10000000,NULL),('OUT0049',2000000,NULL),('OUT0050',2000000,NULL),('OUT0051',5000000,NULL),('OUT0052',5000000,NULL),('OUT0053',2000000,NULL),('OUT0054',5000000,NULL),('OUT0055',8000000,NULL),('OUT0056',2000000,NULL),('OUT0057',5000000,NULL),('OUT0058',2000000,NULL),('OUT0059',10000000,NULL),('OUT0060',2000000,NULL),('OUT0061',8000000,NULL),('OUT0062',2000000,NULL),('OUT0063',5000000,NULL),('OUT0064',10000000,NULL),('OUT0065',2000000,NULL),('OUT0066',2000000,NULL),('OUT0067',5000000,NULL),('OUT0068',2000000,NULL),('OUT0069',10000000,NULL),('OUT0070',2000000,NULL),('OUT0071',2000000,NULL),('OUT0072',10000000,NULL),('OUT0073',2000000,NULL),('OUT0074',2000000,NULL),('OUT0075',2000000,NULL),('OUT0076',5000000,NULL),('OUT0077',2000000,NULL),('OUT0078',8000000,NULL),('OUT0079',2000000,NULL),('OUT0080',10000000,NULL),('OUT0081',10000000,NULL),('OUT0082',5000000,NULL),('OUT0083',2000000,NULL),('OUT0084',2000000,NULL),('OUT0085',10000000,NULL),('OUT0086',5000000,NULL),('OUT0087',5000000,NULL),('OUT0088',2000000,NULL),('OUT0089',2000000,NULL),('OUT0090',10000000,NULL),('OUT0091',5000000,NULL),('OUT0092',8000000,NULL),('OUT0093',5000000,NULL),('OUT0094',10000000,NULL),('OUT0095',2000000,NULL),('OUT0096',5000000,NULL),('OUT0097',5000000,NULL),('OUT0098',2000000,NULL),('OUT0099',10000000,NULL),('OUT0100',10000000,NULL);

/*Table structure for table `fact_laporan_kegiatan` */

DROP TABLE IF EXISTS `fact_laporan_kegiatan`;

CREATE TABLE `fact_laporan_kegiatan` (
  `id date` varchar(10) NOT NULL,
  `id item` varchar(10) NOT NULL,
  `id participant` varchar(10) NOT NULL,
  `id location` varchar(10) NOT NULL,
  `id pengeluaran` varchar(10) NOT NULL,
  `status kegiatan` varchar(10) DEFAULT NULL,
  KEY `date` (`id date`),
  KEY `item` (`id item`),
  KEY `participant` (`id participant`),
  KEY `lokasi` (`id location`),
  KEY `pengeluaran` (`id pengeluaran`),
  CONSTRAINT `date` FOREIGN KEY (`id date`) REFERENCES `dim_date` (`id date`),
  CONSTRAINT `item` FOREIGN KEY (`id item`) REFERENCES `dim_item` (`id item`),
  CONSTRAINT `lokasi` FOREIGN KEY (`id location`) REFERENCES `dim_lokasi` (`id location`),
  CONSTRAINT `participant` FOREIGN KEY (`id participant`) REFERENCES `dim_participant` (`id participant`),
  CONSTRAINT `pengeluaran` FOREIGN KEY (`id pengeluaran`) REFERENCES `dim_pengeluaran` (`id pengeluaran`)
) ENGINE=InnoDB DEFAULT CHARSET=latin1;

/*Data for the table `fact_laporan_kegiatan` */

/*Table structure for table `fact_laporan_keuangan` */

DROP TABLE IF EXISTS `fact_laporan_keuangan`;

CREATE TABLE `fact_laporan_keuangan` (
  `id pemasukan` varchar(10) DEFAULT NULL,
  `id pengeluaran` varchar(10) DEFAULT NULL,
  `saldo` int(11) DEFAULT NULL,
  `id date` varchar(10) DEFAULT NULL,
  KEY `lappemasukan` (`id pemasukan`),
  KEY `lappengeluaran` (`id pengeluaran`),
  KEY `date keuangan` (`id date`),
  CONSTRAINT `date keuangan` FOREIGN KEY (`id date`) REFERENCES `dim_date` (`id date`),
  CONSTRAINT `lappemasukan` FOREIGN KEY (`id pemasukan`) REFERENCES `dim_pemasukan` (`id pemasukan`),
  CONSTRAINT `lappengeluaran` FOREIGN KEY (`id pengeluaran`) REFERENCES `dim_pengeluaran` (`id pengeluaran`)
) ENGINE=InnoDB DEFAULT CHARSET=latin1;

/*Data for the table `fact_laporan_keuangan` */

/*Table structure for table `fact_laporan_pengadaan` */

DROP TABLE IF EXISTS `fact_laporan_pengadaan`;

CREATE TABLE `fact_laporan_pengadaan` (
  `id item` varchar(10) DEFAULT NULL,
  `id date` varchar(10) DEFAULT NULL,
  `kondisi` varchar(20) DEFAULT NULL,
  KEY `item pengadaan` (`id item`),
  KEY `date pengadaan` (`id date`),
  CONSTRAINT `date pengadaan` FOREIGN KEY (`id date`) REFERENCES `dim_date` (`id date`),
  CONSTRAINT `item pengadaan` FOREIGN KEY (`id item`) REFERENCES `dim_item` (`id item`)
) ENGINE=InnoDB DEFAULT CHARSET=latin1;

/*Data for the table `fact_laporan_pengadaan` */

/*Table structure for table `fact_pemilihan_kepengurusan` */

DROP TABLE IF EXISTS `fact_pemilihan_kepengurusan`;

CREATE TABLE `fact_pemilihan_kepengurusan` (
  `id date` varchar(10) DEFAULT NULL,
  `id participant` varchar(10) DEFAULT NULL,
  `jumlah kehadiran kehadiran` int(11) DEFAULT NULL,
  KEY `date kehadiran` (`id date`),
  KEY `participant kehadiran` (`id participant`),
  CONSTRAINT `date kehadiran` FOREIGN KEY (`id date`) REFERENCES `dim_date` (`id date`),
  CONSTRAINT `participant kehadiran` FOREIGN KEY (`id participant`) REFERENCES `dim_participant` (`id participant`)
) ENGINE=InnoDB DEFAULT CHARSET=latin1;

/*Data for the table `fact_pemilihan_kepengurusan` */

/*Table structure for table `fact_table` */

DROP TABLE IF EXISTS `fact_table`;

CREATE TABLE `fact_table` (
  `day` bigint(20) DEFAULT NULL,
  `month` bigint(20) DEFAULT NULL,
  `quarter` bigint(20) DEFAULT NULL,
  `year` bigint(20) DEFAULT NULL,
  `stok` bigint(20) DEFAULT NULL,
  `jumlah` bigint(20) DEFAULT NULL,
  `jumlah pengeluaran` bigint(20) DEFAULT NULL,
  `jumlah kehadiran` bigint(20) DEFAULT NULL,
  `jumlah pemasukan` bigint(20) DEFAULT NULL,
  `saldo` bigint(20) DEFAULT NULL,
  `FK_ITEM` varchar(50) DEFAULT NULL,
  `FK_LOCATION` varchar(10) DEFAULT NULL,
  `FK_PARTICIPANT` varchar(10) DEFAULT NULL,
  `FK_PEMASUKAN` varchar(10) DEFAULT NULL,
  `FK_PENGELUARAN` varchar(10) DEFAULT NULL,
  `FK_DATE` varchar(10) DEFAULT NULL
) ENGINE=InnoDB DEFAULT CHARSET=latin1;

/*Data for the table `fact_table` */

insert  into `fact_table`(`day`,`month`,`quarter`,`year`,`stok`,`jumlah`,`jumlah pengeluaran`,`jumlah kehadiran`,`jumlah pemasukan`,`saldo`,`FK_ITEM`,`FK_LOCATION`,`FK_PARTICIPANT`,`FK_PEMASUKAN`,`FK_PENGELUARAN`,`FK_DATE`) values (1,1,1,2018,2,27,5000000,12,5000000,0,'ITEM0001','LOC0001','PRT0001','IN0001','OUT0001','Date0001'),(3,1,1,2018,3,28,10000000,4,15000000,5000000,'ITEM0002','LOC0002','PRT0002','IN0002','OUT0002','Date0002'),(5,1,1,2018,4,25,2000000,6,5000000,3000000,'ITEM0003','LOC0003','PRT0003','IN0003','OUT0003','Date0003'),(7,1,1,2018,5,28,10000000,5,15000000,5000000,'ITEM0004','LOC0004','PRT0004','IN0004','OUT0004','Date0004'),(9,1,1,2018,10,29,8000000,6,10000000,2000000,'ITEM0005','LOC0005','PRT0005','IN0005','OUT0005','Date0005'),(11,1,1,2018,21,27,6000000,8,10000000,4000000,'ITEM0006','LOC0006','PRT0006','IN0006','OUT0006','Date0006'),(13,1,1,2018,6,28,8000000,7,10000000,2000000,'ITEM0007','LOC0007','PRT0007','IN0007','OUT0007','Date0007'),(15,1,1,2018,1,29,10000000,8,10000000,0,'ITEM0008','LOC0008','PRT0008','IN0008','OUT0008','Date0008'),(16,2,1,2018,11,28,10000000,7,10000000,0,'ITEM0009','LOC0009','PRT0009','IN0009','OUT0009','Date0009'),(17,2,1,2018,2,26,10000000,4,10000000,0,'ITEM0010','LOC0010','PRT0010','IN0010','OUT0010','Date0010'),(19,2,1,2018,2,28,5000000,10,5000000,0,'ITEM0011','LOC0011','PRT0011','IN0011','OUT0011','Date0011'),(20,2,1,2018,3,29,8000000,7,10000000,2000000,'ITEM0012','LOC0012','PRT0012','IN0012','OUT0012','Date0012'),(23,2,1,2018,4,29,10000000,8,10000000,0,'ITEM0013','LOC0013','PRT0013','IN0013','OUT0013','Date0013'),(25,2,1,2018,5,26,5000000,7,5000000,0,'ITEM0014','LOC0014','PRT0014','IN0014','OUT0014','Date0014'),(26,2,1,2018,5,30,8000000,9,10000000,2000000,'ITEM0015','LOC0015','PRT0015','IN0015','OUT0015','Date0015'),(27,2,1,2018,10,27,5000000,9,5000000,0,'ITEM0016','LOC0016','PRT0016','IN0016','OUT0016','Date0016'),(2,3,1,2018,21,28,10000000,5,10000000,0,'ITEM0017','LOC0017','PRT0017','IN0017','OUT0017','Date0017'),(5,3,1,2018,6,29,5000000,10,5000000,0,'ITEM0018','LOC0018','PRT0018','IN0018','OUT0018','Date0018'),(7,3,1,2018,1,28,2000000,9,5000000,3000000,'ITEM0019','LOC0019','PRT0019','IN0019','OUT0019','Date0019'),(9,3,1,2018,11,26,2000000,4,5000000,3000000,'ITEM0020','LOC0020','PRT0020','IN0020','OUT0020','Date0020'),(11,3,1,2018,4,28,5000000,6,5000000,0,'ITEM0021','LOC0021','PRT0021','IN0021','OUT0021','Date0021'),(16,3,1,2018,5,28,10000000,5,10000000,0,'ITEM0022','LOC0022','PRT0022','IN0022','OUT0022','Date0022'),(18,3,1,2018,2,29,2000000,6,5000000,3000000,'ITEM0023','LOC0023','PRT0023','IN0023','OUT0023','Date0023'),(19,3,1,2018,3,28,2000000,8,5000000,3000000,'ITEM0024','LOC0024','PRT0024','IN0024','OUT0024','Date0024'),(27,3,1,2018,4,26,5000000,7,5000000,0,'ITEM0025','LOC0025','PRT0025','IN0025','OUT0025','Date0025'),(4,4,2,2018,5,28,2000000,8,5000000,3000000,'ITEM0026','LOC0026','PRT0026','IN0026','OUT0026','Date0026'),(8,4,2,2018,5,29,5000000,6,5000000,0,'ITEM0027','LOC0027','PRT0027','IN0027','OUT0027','Date0027'),(13,4,2,2018,2,29,2000000,12,5000000,3000000,'ITEM0028','LOC0028','PRT0028','IN0028','OUT0028','Date0028'),(16,4,2,2018,3,26,10000000,4,10000000,0,'ITEM0029','LOC0029','PRT0029','IN0029','OUT0029','Date0029'),(19,4,2,2018,3,30,2000000,6,5000000,3000000,'ITEM0030','LOC0030','PRT0030','IN0030','OUT0030','Date0030'),(22,4,2,2018,4,28,10000000,5,10000000,0,'ITEM0031','LOC0031','PRT0031','IN0031','OUT0031','Date0031'),(26,4,2,2018,5,29,8000000,6,10000000,2000000,'ITEM0032','LOC0032','PRT0032','IN0032','OUT0032','Date0032'),(28,4,2,2018,2,29,2000000,8,5000000,3000000,'ITEM0033','LOC0033','PRT0033','IN0033','OUT0033','Date0033'),(2,5,2,2018,3,26,2000000,7,5000000,3000000,'ITEM0034','LOC0034','PRT0034','IN0034','OUT0034','Date0034'),(6,5,2,2018,4,27,12000000,8,15000000,3000000,'ITEM0035','LOC0035','PRT0035','IN0035','OUT0035','Date0035'),(8,5,2,2018,5,28,2000000,7,5000000,3000000,'ITEM0036','LOC0036','PRT0036','IN0036','OUT0036','Date0036'),(14,5,2,2018,3,25,10000000,4,10000000,0,'ITEM0037','LOC0037','PRT0037','IN0037','OUT0037','Date0037'),(18,5,2,2018,4,28,2000000,10,5000000,3000000,'ITEM0038','LOC0038','PRT0038','IN0038','OUT0038','Date0038'),(24,5,2,2018,5,29,2000000,7,5000000,3000000,'ITEM0039','LOC0039','PRT0039','IN0039','OUT0039','Date0039'),(28,5,2,2018,2,27,5000000,8,5000000,0,'ITEM0040','LOC0040','PRT0040','IN0040','OUT0040','Date0040'),(30,5,2,2018,3,28,5000000,7,5000000,0,'ITEM0041','LOC0041','PRT0041','IN0041','OUT0041','Date0041'),(5,6,2,2018,4,29,2000000,9,5000000,3000000,'ITEM0042','LOC0042','PRT0042','IN0042','OUT0042','Date0042'),(10,6,2,2018,3,28,2000000,9,5000000,3000000,'ITEM0043','LOC0043','PRT0043','IN0043','OUT0043','Date0043'),(15,6,2,2018,4,27,2000000,5,5000000,3000000,'ITEM0044','LOC0044','PRT0044','IN0044','OUT0044','Date0044'),(20,6,2,2018,5,28,8000000,10,10000000,2000000,'ITEM0045','LOC0045','PRT0045','IN0045','OUT0045','Date0045'),(25,6,2,2018,4,25,10000000,9,10000000,0,'ITEM0046','LOC0046','PRT0046','IN0046','OUT0046','Date0046'),(27,6,2,2018,5,28,2000000,6,5000000,3000000,'ITEM0047','LOC0047','PRT0047','IN0047','OUT0047','Date0047'),(28,6,2,2018,3,29,10000000,5,10000000,0,'ITEM0048','LOC0048','PRT0048','IN0048','OUT0048','Date0048'),(29,6,2,2018,4,27,2000000,6,5000000,3000000,'ITEM0049','LOC0049','PRT0049','IN0049','OUT0049','Date0049'),(30,6,2,2018,5,28,2000000,8,5000000,3000000,'ITEM0050','LOC0050','PRT0050','IN0050','OUT0050','Date0050'),(1,7,3,2018,2,29,5000000,7,5000000,0,'ITEM0051','LOC0051','PRT0051','IN0051','OUT0051','Date0051'),(3,7,3,2018,3,28,5000000,8,5000000,0,'ITEM0052','LOC0052','PRT0052','IN0052','OUT0052','Date0052'),(7,7,3,2018,4,28,2000000,7,5000000,3000000,'ITEM0053','LOC0053','PRT0053','IN0053','OUT0053','Date0053'),(9,7,3,2018,3,29,5000000,4,5000000,0,'ITEM0054','LOC0054','PRT0054','IN0054','OUT0054','Date0054'),(11,7,3,2018,2,27,8000000,10,10000000,2000000,'ITEM0055','LOC0055','PRT0055','IN0055','OUT0055','Date0055'),(13,7,3,2018,3,28,2000000,7,5000000,3000000,'ITEM0056','LOC0056','PRT0056','IN0056','OUT0056','Date0056'),(16,7,3,2018,4,29,5000000,8,5000000,0,'ITEM0057','LOC0057','PRT0057','IN0057','OUT0057','Date0057'),(19,7,3,2018,5,28,2000000,7,5000000,3000000,'ITEM0058','LOC0058','PRT0058','IN0058','OUT0058','Date0058'),(9,8,3,2018,1,26,10000000,9,10000000,0,'ITEM0059','LOC0059','PRT0059','IN0059','OUT0059','Date0059'),(11,8,3,2018,2,27,2000000,9,5000000,3000000,'ITEM0060','LOC0060','PRT0060','IN0060','OUT0060','Date0060'),(15,8,3,2018,3,28,8000000,5,10000000,2000000,'ITEM0061','LOC0061','PRT0061','IN0061','OUT0061','Date0061'),(17,8,3,2018,2,25,2000000,10,5000000,3000000,'ITEM0062','LOC0062','PRT0062','IN0062','OUT0062','Date0062'),(25,8,3,2018,3,28,5000000,9,5000000,0,'ITEM0063','LOC0063','PRT0063','IN0063','OUT0063','Date0063'),(27,8,3,2018,4,29,10000000,8,10000000,0,'ITEM0064','LOC0064','PRT0064','IN0064','OUT0064','Date0064'),(30,8,3,2018,5,27,2000000,7,5000000,3000000,'ITEM0065','LOC0065','PRT0065','IN0065','OUT0065','Date0065'),(2,9,3,2018,1,28,2000000,8,5000000,3000000,'ITEM0066','LOC0066','PRT0066','IN0066','OUT0066','Date0066'),(4,9,3,2018,2,29,5000000,7,5000000,0,'ITEM0067','LOC0067','PRT0067','IN0067','OUT0067','Date0067'),(8,9,3,2018,5,28,2000000,4,5000000,3000000,'ITEM0068','LOC0068','PRT0068','IN0068','OUT0068','Date0068'),(13,9,3,2018,3,29,10000000,10,10000000,0,'ITEM0069','LOC0069','PRT0069','IN0069','OUT0069','Date0069'),(16,9,3,2018,2,29,2000000,7,5000000,3000000,'ITEM0070','LOC0070','PRT0070','IN0070','OUT0070','Date0070'),(19,9,3,2018,3,26,2000000,8,5000000,3000000,'ITEM0071','LOC0071','PRT0071','IN0071','OUT0071','Date0071'),(21,9,3,2018,4,30,10000000,7,10000000,0,'ITEM0072','LOC0072','PRT0072','IN0072','OUT0072','Date0072'),(24,9,3,2018,5,28,2000000,9,5000000,3000000,'ITEM0073','LOC0073','PRT0073','IN0073','OUT0073','Date0073'),(27,9,3,2018,1,29,2000000,8,5000000,3000000,'ITEM0074','LOC0074','PRT0074','IN0074','OUT0074','Date0074'),(30,9,3,2018,2,28,2000000,9,5000000,3000000,'ITEM0075','LOC0075','PRT0075','IN0075','OUT0075','Date0075'),(2,10,4,2018,4,29,5000000,6,5000000,0,'ITEM0076','LOC0076','PRT0076','IN0076','OUT0076','Date0076'),(4,10,4,2018,5,29,2000000,12,5000000,3000000,'ITEM0077','LOC0077','PRT0077','IN0077','OUT0077','Date0077'),(8,10,4,2018,2,26,8000000,7,10000000,2000000,'ITEM0078','LOC0078','PRT0078','IN0078','OUT0078','Date0078'),(16,10,4,2018,7,30,2000000,4,5000000,3000000,'ITEM0079','LOC0079','PRT0079','IN0079','OUT0079','Date0079'),(17,10,4,2018,3,28,10000000,6,10000000,0,'ITEM0080','LOC0080','PRT0080','IN0080','OUT0080','Date0080'),(19,10,4,2018,5,26,10000000,5,10000000,0,'ITEM0081','LOC0081','PRT0081','IN0081','OUT0081','Date0081'),(21,10,4,2018,2,28,5000000,6,5000000,0,'ITEM0082','LOC0082','PRT0082','IN0082','OUT0082','Date0082'),(23,10,4,2018,7,29,2000000,8,5000000,3000000,'ITEM0083','LOC0083','PRT0083','IN0083','OUT0083','Date0083'),(1,11,4,2018,3,29,2000000,7,5000000,3000000,'ITEM0084','LOC0084','PRT0084','IN0084','OUT0084','Date0084'),(3,11,4,2018,1,28,10000000,8,10000000,0,'ITEM0085','LOC0085','PRT0085','IN0085','OUT0085','Date0085'),(5,11,4,2018,2,29,5000000,7,5000000,0,'ITEM0086','LOC0086','PRT0086','IN0086','OUT0086','Date0086'),(7,11,4,2018,3,28,5000000,4,5000000,0,'ITEM0087','LOC0087','PRT0087','IN0087','OUT0087','Date0087'),(9,11,4,2018,4,29,2000000,10,5000000,3000000,'ITEM0088','LOC0088','PRT0088','IN0088','OUT0088','Date0088'),(11,11,4,2018,5,29,2000000,7,5000000,3000000,'ITEM0089','LOC0089','PRT0089','IN0089','OUT0089','Date0089'),(14,11,4,2018,3,26,10000000,8,10000000,0,'ITEM0090','LOC0090','PRT0090','IN0090','OUT0090','Date0090'),(30,11,4,2018,1,30,5000000,7,5000000,0,'ITEM0091','LOC0091','PRT0091','IN0091','OUT0091','Date0091'),(3,12,4,2018,2,28,8000000,9,10000000,2000000,'ITEM0092','LOC0092','PRT0092','IN0092','OUT0092','Date0092'),(7,12,4,2018,3,29,5000000,9,5000000,0,'ITEM0093','LOC0093','PRT0093','IN0093','OUT0093','Date0093'),(11,12,4,2018,4,28,10000000,5,10000000,0,'ITEM0094','LOC0094','PRT0094','IN0094','OUT0094','Date0094'),(16,12,4,2018,2,26,2000000,10,5000000,3000000,'ITEM0095','LOC0095','PRT0095','IN0095','OUT0095','Date0095'),(21,12,4,2018,3,28,5000000,9,5000000,0,'ITEM0096','LOC0096','PRT0096','IN0096','OUT0096','Date0096'),(24,12,4,2018,4,29,5000000,4,5000000,0,'ITEM0097','LOC0097','PRT0097','IN0097','OUT0097','Date0097'),(27,12,4,2018,5,28,2000000,9,5000000,3000000,'ITEM0098','LOC0098','PRT0098','IN0098','OUT0098','Date0098'),(28,12,4,2018,7,26,10000000,7,10000000,0,'ITEM0099','LOC0099','PRT0099','IN0099','OUT0099','Date0099'),(30,12,4,2018,8,28,10000000,6,10000000,0,'ITEM0100','LOC0100','PRT0100','IN0100','OUT0100','Date0100');

/*Table structure for table `item_dim` */

DROP TABLE IF EXISTS `item_dim`;

CREATE TABLE `item_dim` (
  `PK_ITEM` bigint(20) NOT NULL,
  `version` int(11) DEFAULT NULL,
  `date_from` datetime DEFAULT NULL,
  `date_to` datetime DEFAULT NULL,
  `id item` varchar(8) DEFAULT NULL,
  `nama item` varchar(45) DEFAULT NULL,
  `stok` bigint(20) DEFAULT NULL,
  PRIMARY KEY (`PK_ITEM`),
  KEY `idx_ITEM_DIM_lookup` (`id item`),
  KEY `idx_ITEM_DIM_tk` (`PK_ITEM`)
) ENGINE=InnoDB DEFAULT CHARSET=latin1;

/*Data for the table `item_dim` */

insert  into `item_dim`(`PK_ITEM`,`version`,`date_from`,`date_to`,`id item`,`nama item`,`stok`) values (0,1,NULL,NULL,NULL,NULL,NULL),(1,1,'1900-01-01 00:00:00','2199-12-31 23:59:59','ITEM0001','Sapu Lidi, Sapu Lawa-lawa, Kain Pel, Kemoceng',2),(2,1,'1900-01-01 00:00:00','2199-12-31 23:59:59','ITEM0002','Speaker kecil, gitar, tagading',3),(3,1,'1900-01-01 00:00:00','2199-12-31 23:59:59','ITEM0003','uang tunai, kartu atm, hand phone',4),(4,1,'1900-01-01 00:00:00','2199-12-31 23:59:59','ITEM0004','mobil, kunci, motor',5),(5,1,'1900-01-01 00:00:00','2199-12-31 23:59:59','ITEM0005','piala, piagam, hadiah, spanduk',10),(6,1,'1900-01-01 00:00:00','2199-12-31 23:59:59','ITEM0006','Speaker kecil, gitar, tagading',21),(7,1,'1900-01-01 00:00:00','2199-12-31 23:59:59','ITEM0007','uang tunai, kartu atm, hand phone',6),(8,1,'1900-01-01 00:00:00','2199-12-31 23:59:59','ITEM0008','bola, net, catur, pompa, peluit, kok',1),(9,1,'1900-01-01 00:00:00','2199-12-31 23:59:59','ITEM0009','kamera, speaker, laptop, printer',11),(10,1,'1900-01-01 00:00:00','2199-12-31 23:59:59','ITEM0010','bendera, stempel, jam dinding, gooddie bag',2),(11,1,'1900-01-01 00:00:00','2199-12-31 23:59:59','ITEM0011','buku PCA, sticker, kotak P3K, karpet',2),(12,1,'1900-01-01 00:00:00','2199-12-31 23:59:59','ITEM0012','piala, piagam, hadiah, spanduk',3),(13,1,'1900-01-01 00:00:00','2199-12-31 23:59:59','ITEM0013','mobil, kunci, motor',4),(14,1,'1900-01-01 00:00:00','2199-12-31 23:59:59','ITEM0014','bendera, stempel, jam dinding, gooddie bag',5),(15,1,'1900-01-01 00:00:00','2199-12-31 23:59:59','ITEM0015','Sapu Lidi, Sapu Lawa-lawa, Kain Pel, Kemoceng',5),(16,1,'1900-01-01 00:00:00','2199-12-31 23:59:59','ITEM0016','bola, net, catur, pompa, peluit, kok',10),(17,1,'1900-01-01 00:00:00','2199-12-31 23:59:59','ITEM0017','tinta, stempel, tablet, tali plastik',21),(18,1,'1900-01-01 00:00:00','2199-12-31 23:59:59','ITEM0018','piala, piagam, hadiah, spanduk',6),(19,1,'1900-01-01 00:00:00','2199-12-31 23:59:59','ITEM0019','buku PCA, sticker, kotak P3K, karpet',1),(20,1,'1900-01-01 00:00:00','2199-12-31 23:59:59','ITEM0020','mobil, kunci, motor',11),(21,1,'1900-01-01 00:00:00','2199-12-31 23:59:59','ITEM0021','uang tunai, kartu atm, hand phone',4),(22,1,'1900-01-01 00:00:00','2199-12-31 23:59:59','ITEM0022','piala, piagam, hadiah, spanduk',5),(23,1,'1900-01-01 00:00:00','2199-12-31 23:59:59','ITEM0023','tinta, stempel, tablet, tali plastik',2),(24,1,'1900-01-01 00:00:00','2199-12-31 23:59:59','ITEM0024','bendera, stempel, jam dinding, gooddie bag',3),(25,1,'1900-01-01 00:00:00','2199-12-31 23:59:59','ITEM0025','Speaker kecil, gitar, tagading',4),(26,1,'1900-01-01 00:00:00','2199-12-31 23:59:59','ITEM0026','bola, net, catur, pompa, peluit, kok',5),(27,1,'1900-01-01 00:00:00','2199-12-31 23:59:59','ITEM0027','buku PCA, sticker, kotak P3K, karpet',5),(28,1,'1900-01-01 00:00:00','2199-12-31 23:59:59','ITEM0028','mobil, kunci, motor',2),(29,1,'1900-01-01 00:00:00','2199-12-31 23:59:59','ITEM0029','uang tunai, kartu atm, hand phone',3),(30,1,'1900-01-01 00:00:00','2199-12-31 23:59:59','ITEM0030','gunting, palet, kuas, spidol, kertas',3),(31,1,'1900-01-01 00:00:00','2199-12-31 23:59:59','ITEM0031','Sapu Lidi, Sapu Lawa-lawa, Kain Pel, Kemoceng',4),(32,1,'1900-01-01 00:00:00','2199-12-31 23:59:59','ITEM0032','gunting, palet, kuas, spidol, kertas',5),(33,1,'1900-01-01 00:00:00','2199-12-31 23:59:59','ITEM0033','uang tunai, kartu atm, hand phone',2),(34,1,'1900-01-01 00:00:00','2199-12-31 23:59:59','ITEM0034','piala, piagam, hadiah, spanduk',3),(35,1,'1900-01-01 00:00:00','2199-12-31 23:59:59','ITEM0035','bendera, stempel, jam dinding, gooddie bag',4),(36,1,'1900-01-01 00:00:00','2199-12-31 23:59:59','ITEM0036','buku PCA, sticker, kotak P3K, karpet',5),(37,1,'1900-01-01 00:00:00','2199-12-31 23:59:59','ITEM0037','Speaker kecil, gitar, tagading',3),(38,1,'1900-01-01 00:00:00','2199-12-31 23:59:59','ITEM0038','tinta, stempel, tablet, tali plastik',4),(39,1,'1900-01-01 00:00:00','2199-12-31 23:59:59','ITEM0039','bola, net, catur, pompa, peluit, kok',5),(40,1,'1900-01-01 00:00:00','2199-12-31 23:59:59','ITEM0040','mobil, kunci, motor',2),(41,1,'1900-01-01 00:00:00','2199-12-31 23:59:59','ITEM0041','tinta, stempel, tablet, tali plastik',3),(42,1,'1900-01-01 00:00:00','2199-12-31 23:59:59','ITEM0042','buku PCA, sticker, kotak P3K, karpet',4),(43,1,'1900-01-01 00:00:00','2199-12-31 23:59:59','ITEM0043','kamera, speaker, laptop, printer',3),(44,1,'1900-01-01 00:00:00','2199-12-31 23:59:59','ITEM0044','gunting, palet, kuas, spidol, kertas',4),(45,1,'1900-01-01 00:00:00','2199-12-31 23:59:59','ITEM0045','uang tunai, kartu atm, hand phone',5),(46,1,'1900-01-01 00:00:00','2199-12-31 23:59:59','ITEM0046','bendera, stempel, jam dinding, gooddie bag',4),(47,1,'1900-01-01 00:00:00','2199-12-31 23:59:59','ITEM0047','piala, piagam, hadiah, spanduk',5),(48,1,'1900-01-01 00:00:00','2199-12-31 23:59:59','ITEM0048','mobil, kunci, motor',3),(49,1,'1900-01-01 00:00:00','2199-12-31 23:59:59','ITEM0049','tinta, stempel, tablet, tali plastik',4),(50,1,'1900-01-01 00:00:00','2199-12-31 23:59:59','ITEM0050','buku PCA, sticker, kotak P3K, karpet',5),(51,1,'1900-01-01 00:00:00','2199-12-31 23:59:59','ITEM0051','piala, piagam, hadiah, spanduk',2),(52,1,'1900-01-01 00:00:00','2199-12-31 23:59:59','ITEM0052','Speaker kecil, gitar, tagading',3),(53,1,'1900-01-01 00:00:00','2199-12-31 23:59:59','ITEM0053','bola, net, catur, pompa, peluit, kok',4),(54,1,'1900-01-01 00:00:00','2199-12-31 23:59:59','ITEM0054','uang tunai, kartu atm, hand phone',3),(55,1,'1900-01-01 00:00:00','2199-12-31 23:59:59','ITEM0055','bendera, stempel, jam dinding, gooddie bag',2),(56,1,'1900-01-01 00:00:00','2199-12-31 23:59:59','ITEM0056','kamera, speaker, laptop, printer',3),(57,1,'1900-01-01 00:00:00','2199-12-31 23:59:59','ITEM0057','gunting, palet, kuas, spidol, kertas',4),(58,1,'1900-01-01 00:00:00','2199-12-31 23:59:59','ITEM0058','bola, net, catur, pompa, peluit, kok',5),(59,1,'1900-01-01 00:00:00','2199-12-31 23:59:59','ITEM0059','piala, piagam, hadiah, spanduk',1),(60,1,'1900-01-01 00:00:00','2199-12-31 23:59:59','ITEM0060','mobil, kunci, motor',2),(61,1,'1900-01-01 00:00:00','2199-12-31 23:59:59','ITEM0061','buku PCA, sticker, kotak P3K, karpet',3),(62,1,'1900-01-01 00:00:00','2199-12-31 23:59:59','ITEM0062','uang tunai, kartu atm, hand phone',2),(63,1,'1900-01-01 00:00:00','2199-12-31 23:59:59','ITEM0063','bendera, stempel, jam dinding, gooddie bag',3),(64,1,'1900-01-01 00:00:00','2199-12-31 23:59:59','ITEM0064','kamera, speaker, laptop, printer',4),(65,1,'1900-01-01 00:00:00','2199-12-31 23:59:59','ITEM0065','tinta, stempel, tablet, tali plastik',5),(66,1,'1900-01-01 00:00:00','2199-12-31 23:59:59','ITEM0066','uang tunai, kartu atm, hand phone',1),(67,1,'1900-01-01 00:00:00','2199-12-31 23:59:59','ITEM0067','gunting, palet, kuas, spidol, kertas',2),(68,1,'1900-01-01 00:00:00','2199-12-31 23:59:59','ITEM0068','Speaker kecil, gitar, tagading',5),(69,1,'1900-01-01 00:00:00','2199-12-31 23:59:59','ITEM0069','bola, net, catur, pompa, peluit, kok',3),(70,1,'1900-01-01 00:00:00','2199-12-31 23:59:59','ITEM0070','uang tunai, kartu atm, hand phone',2),(71,1,'1900-01-01 00:00:00','2199-12-31 23:59:59','ITEM0071','mobil, kunci, motor',3),(72,1,'1900-01-01 00:00:00','2199-12-31 23:59:59','ITEM0072','bendera, stempel, jam dinding, gooddie bag',4),(73,1,'1900-01-01 00:00:00','2199-12-31 23:59:59','ITEM0073','Sapu Lidi, Sapu Lawa-lawa, Kain Pel, Kemoceng',5),(74,1,'1900-01-01 00:00:00','2199-12-31 23:59:59','ITEM0074','buku PCA, sticker, kotak P3K, karpet',1),(75,1,'1900-01-01 00:00:00','2199-12-31 23:59:59','ITEM0075','uang tunai, kartu atm, hand phone',2),(76,1,'1900-01-01 00:00:00','2199-12-31 23:59:59','ITEM0076','mobil, kunci, motor',4),(77,1,'1900-01-01 00:00:00','2199-12-31 23:59:59','ITEM0077','gunting, palet, kuas, spidol, kertas',5),(78,1,'1900-01-01 00:00:00','2199-12-31 23:59:59','ITEM0078','kamera, speaker, laptop, printer',2),(79,1,'1900-01-01 00:00:00','2199-12-31 23:59:59','ITEM0079','bendera, stempel, jam dinding, gooddie bag',7),(80,1,'1900-01-01 00:00:00','2199-12-31 23:59:59','ITEM0080','mobil, kunci, motor',3),(81,1,'1900-01-01 00:00:00','2199-12-31 23:59:59','ITEM0081','tinta, stempel, tablet, tali plastik',5),(82,1,'1900-01-01 00:00:00','2199-12-31 23:59:59','ITEM0082','piala, piagam, hadiah, spanduk',2),(83,1,'1900-01-01 00:00:00','2199-12-31 23:59:59','ITEM0083','Speaker kecil, gitar, tagading',7),(84,1,'1900-01-01 00:00:00','2199-12-31 23:59:59','ITEM0084','bendera, stempel, jam dinding, gooddie bag',3),(85,1,'1900-01-01 00:00:00','2199-12-31 23:59:59','ITEM0085','bola, net, catur, pompa, peluit, kok',1),(86,1,'1900-01-01 00:00:00','2199-12-31 23:59:59','ITEM0086','kamera, speaker, laptop, printer',2),(87,1,'1900-01-01 00:00:00','2199-12-31 23:59:59','ITEM0087','buku PCA, sticker, kotak P3K, karpet',3),(88,1,'1900-01-01 00:00:00','2199-12-31 23:59:59','ITEM0088','piala, piagam, hadiah, spanduk',4),(89,1,'1900-01-01 00:00:00','2199-12-31 23:59:59','ITEM0089','uang tunai, kartu atm, hand phone',5),(90,1,'1900-01-01 00:00:00','2199-12-31 23:59:59','ITEM0090','tinta, stempel, tablet, tali plastik',3),(91,1,'1900-01-01 00:00:00','2199-12-31 23:59:59','ITEM0091','Sapu Lidi, Sapu Lawa-lawa, Kain Pel, Kemoceng',1),(92,1,'1900-01-01 00:00:00','2199-12-31 23:59:59','ITEM0092','bendera, stempel, jam dinding, gooddie bag',2),(93,1,'1900-01-01 00:00:00','2199-12-31 23:59:59','ITEM0093','kamera, speaker, laptop, printer',3),(94,1,'1900-01-01 00:00:00','2199-12-31 23:59:59','ITEM0094','buku PCA, sticker, kotak P3K, karpet',4),(95,1,'1900-01-01 00:00:00','2199-12-31 23:59:59','ITEM0095','bendera, stempel, jam dinding, gooddie bag',2),(96,1,'1900-01-01 00:00:00','2199-12-31 23:59:59','ITEM0096','piala, piagam, hadiah, spanduk',3),(97,1,'1900-01-01 00:00:00','2199-12-31 23:59:59','ITEM0097','bola, net, catur, pompa, peluit, kok',4),(98,1,'1900-01-01 00:00:00','2199-12-31 23:59:59','ITEM0098','kamera, speaker, laptop, printer',5),(99,1,'1900-01-01 00:00:00','2199-12-31 23:59:59','ITEM0099','piala, piagam, hadiah, spanduk',7),(100,1,'1900-01-01 00:00:00','2199-12-31 23:59:59','ITEM0100','Speaker kecil, gitar, tagading',8);

/*Table structure for table `lokasi_dim` */

DROP TABLE IF EXISTS `lokasi_dim`;

CREATE TABLE `lokasi_dim` (
  `PK_LOKASI` bigint(20) NOT NULL,
  `version` int(11) DEFAULT NULL,
  `date_from` datetime DEFAULT NULL,
  `date_to` datetime DEFAULT NULL,
  `id location` varchar(7) DEFAULT NULL,
  `alamat` varchar(36) DEFAULT NULL,
  `city` varchar(12) DEFAULT NULL,
  `provinsi` varchar(16) DEFAULT NULL,
  `country` varchar(9) DEFAULT NULL,
  PRIMARY KEY (`PK_LOKASI`),
  KEY `idx_LOKASI_DIM_lookup` (`id location`),
  KEY `idx_LOKASI_DIM_tk` (`PK_LOKASI`)
) ENGINE=InnoDB DEFAULT CHARSET=latin1;

/*Data for the table `lokasi_dim` */

insert  into `lokasi_dim`(`PK_LOKASI`,`version`,`date_from`,`date_to`,`id location`,`alamat`,`city`,`provinsi`,`country`) values (0,1,NULL,NULL,NULL,NULL,NULL,NULL,NULL),(1,1,'1900-01-01 00:00:00','2199-12-31 23:59:59','LOC0001','USU gd ILKOM','Medan','Sumatera Utara','Indonesia'),(2,1,'1900-01-01 00:00:00','2199-12-31 23:59:59','LOC0002','UNSYAH gd 2','Aceh','Banda Aceh','Indonesia'),(3,1,'1900-01-01 00:00:00','2199-12-31 23:59:59','LOC0003','Institut Teknologi Del gd 9','Toba Samosir','Sumatera Utara','Indonesia'),(4,1,'1900-01-01 00:00:00','2199-12-31 23:59:59','LOC0004','institut Teknologi Bandung gd 3 lt 4','Bandung','Jawa Barat','Indonesia'),(5,1,'1900-01-01 00:00:00','2199-12-31 23:59:59','LOC0005','UNIB gd 7 lt 3','Bengkulu','Bengkulu','Indonesia'),(6,1,'1900-01-01 00:00:00','2199-12-31 23:59:59','LOC0006','UNDALAS gd 9 lt 2','Padang','Sumatera Barat','Indonesia'),(7,1,'1900-01-01 00:00:00','2199-12-31 23:59:59','LOC0007','UNSRI gd 4 lt 1','Palembang','Sumatera Selatan','Indonesia'),(8,1,'1900-01-01 00:00:00','2199-12-31 23:59:59','LOC0008','ITS gd 7 lt 4','Surabaya','Jawa Timur','Indonesia'),(9,1,'1900-01-01 00:00:00','2199-12-31 23:59:59','LOC0009','UIN Sultan Maulana ','Serang','Banten','Indonesia'),(10,1,'1900-01-01 00:00:00','2199-12-31 23:59:59','LOC0010','UNDIP gd 5 lt 4','Semarang','Jawa Tengah','Indonesia'),(11,1,'1900-01-01 00:00:00','2199-12-31 23:59:59','LOC0011','UNIMED gd 7 lt 2','Medan','Sumatera Utara','Indonesia'),(12,1,'1900-01-01 00:00:00','2199-12-31 23:59:59','LOC0012','UNIB gd 7 lt 3','Bengkulu','Bengkulu','Indonesia'),(13,1,'1900-01-01 00:00:00','2199-12-31 23:59:59','LOC0013','UNJ gd 7 lt 9','Jakarta','DKI Jakarta','Indonesia'),(14,1,'1900-01-01 00:00:00','2199-12-31 23:59:59','LOC0014','ITM GD 1 lt 1','Medan','Sumatera Utara','Indonesia'),(15,1,'1900-01-01 00:00:00','2199-12-31 23:59:59','LOC0015','UNIB gd 7 lt 4','Bengkulu','Bengkulu','Indonesia'),(16,1,'1900-01-01 00:00:00','2199-12-31 23:59:59','LOC0016','USU gd ILKOM','Medan','Sumatera Utara','Indonesia'),(17,1,'1900-01-01 00:00:00','2199-12-31 23:59:59','LOC0017','UNJ gd 7 lt 9','Jakarta','DKI Jakarta','Indonesia'),(18,1,'1900-01-01 00:00:00','2199-12-31 23:59:59','LOC0018','USU gd ILKOM','Medan','Sumatera Utara','Indonesia'),(19,1,'1900-01-01 00:00:00','2199-12-31 23:59:59','LOC0019','Auditorium IT DEL ','Toba Samosir','Sumatera Utara','Indonesia'),(20,1,'1900-01-01 00:00:00','2199-12-31 23:59:59','LOC0020','GSG IT DEL','Toba Samosir','Sumatera Utara','Indonesia'),(21,1,'1900-01-01 00:00:00','2199-12-31 23:59:59','LOC0021','POLMED gd 2 lt 2','Medan','Sumatera Utara','Indonesia'),(22,1,'1900-01-01 00:00:00','2199-12-31 23:59:59','LOC0022','UI ILKOM','Depok','Jawa Barat','Indonesia'),(23,1,'1900-01-01 00:00:00','2199-12-31 23:59:59','LOC0023','GSG IT DEL','Toba Samosir','Sumatera Utara','Indonesia'),(24,1,'1900-01-01 00:00:00','2199-12-31 23:59:59','LOC0024','Auditorium IT DEL ','Toba Samosir','Sumatera Utara','Indonesia'),(25,1,'1900-01-01 00:00:00','2199-12-31 23:59:59','LOC0025','POLMED gd 2 lt 2','Medan','Sumatera Utara','Indonesia'),(26,1,'1900-01-01 00:00:00','2199-12-31 23:59:59','LOC0026','OT IT DEL','Toba Samosir','Sumatera Utara','Indonesia'),(27,1,'1900-01-01 00:00:00','2199-12-31 23:59:59','LOC0027','USU gd ILKOM','Medan','Sumatera Utara','Indonesia'),(28,1,'1900-01-01 00:00:00','2199-12-31 23:59:59','LOC0028','EH IT DEL','Toba Samosir','Sumatera Utara','Indonesia'),(29,1,'1900-01-01 00:00:00','2199-12-31 23:59:59','LOC0029','UNDIP ILKOM','Semarang','Jawa Tengah','Indonesia'),(30,1,'1900-01-01 00:00:00','2199-12-31 23:59:59','LOC0030','OT IT DEL','Toba Samosir','Sumatera Utara','Indonesia'),(31,1,'1900-01-01 00:00:00','2199-12-31 23:59:59','LOC0031','POLTEK NEGERI JAKARTA','Jakarta','DKI Jakarta','Indonesia'),(32,1,'1900-01-01 00:00:00','2199-12-31 23:59:59','LOC0032','UNIB gd 7 lt 4','Bengkulu','Bengkulu','Indonesia'),(33,1,'1900-01-01 00:00:00','2199-12-31 23:59:59','LOC0033','Auditorium IT DEL ','Toba Samosir','Sumatera Utara','Indonesia'),(34,1,'1900-01-01 00:00:00','2199-12-31 23:59:59','LOC0034','Auditorium IT DEL ','Toba Samosir','Sumatera Utara','Indonesia'),(35,1,'1900-01-01 00:00:00','2199-12-31 23:59:59','LOC0035','UDAYANA ILKOM','Bali','Denpasar','Indonesia'),(36,1,'1900-01-01 00:00:00','2199-12-31 23:59:59','LOC0036','Auditorium IT DEL ','Toba Samosir','Sumatera Utara','Indonesia'),(37,1,'1900-01-01 00:00:00','2199-12-31 23:59:59','LOC0037','POLTEK NEGERI SEMARANG','Semarang','Jawa Tengah','Indonesia'),(38,1,'1900-01-01 00:00:00','2199-12-31 23:59:59','LOC0038','GSG IT DEL','Toba Samosir','Sumatera Utara','Indonesia'),(39,1,'1900-01-01 00:00:00','2199-12-31 23:59:59','LOC0039','Auditorium IT DEL ','Toba Samosir','Sumatera Utara','Indonesia'),(40,1,'1900-01-01 00:00:00','2199-12-31 23:59:59','LOC0040','USU gd ILKOM','Medan','Sumatera Utara','Indonesia'),(41,1,'1900-01-01 00:00:00','2199-12-31 23:59:59','LOC0041','POLMED gd 2 lt 2','Medan','Sumatera Utara','Indonesia'),(42,1,'1900-01-01 00:00:00','2199-12-31 23:59:59','LOC0042','GSG IT DEL','Toba Samosir','Sumatera Utara','Indonesia'),(43,1,'1900-01-01 00:00:00','2199-12-31 23:59:59','LOC0043','OT IT DEL','Toba Samosir','Sumatera Utara','Indonesia'),(44,1,'1900-01-01 00:00:00','2199-12-31 23:59:59','LOC0044','Auditorium IT DEL ','Toba Samosir','Sumatera Utara','Indonesia'),(45,1,'1900-01-01 00:00:00','2199-12-31 23:59:59','LOC0045','UNIB gd 7 lt 3','Bengkulu','Bengkulu','Indonesia'),(46,1,'1900-01-01 00:00:00','2199-12-31 23:59:59','LOC0046','UNJ Teknik Industri','Jakarta','DKI Jakarta','Indonesia'),(47,1,'1900-01-01 00:00:00','2199-12-31 23:59:59','LOC0047','Auditorium IT DEL ','Toba Samosir','Sumatera Utara','Indonesia'),(48,1,'1900-01-01 00:00:00','2199-12-31 23:59:59','LOC0048','UNIV VETERAN  Jakarta','Jakarta','DKI Jakarta','Indonesia'),(49,1,'1900-01-01 00:00:00','2199-12-31 23:59:59','LOC0049','OT IT DEL','Toba Samosir','Sumatera Utara','Indonesia'),(50,1,'1900-01-01 00:00:00','2199-12-31 23:59:59','LOC0050','GSG IT DEL','Toba Samosir','Sumatera Utara','Indonesia'),(51,1,'1900-01-01 00:00:00','2199-12-31 23:59:59','LOC0051','USU ILKOM','Medan','Sumatera Utara','Indonesia'),(52,1,'1900-01-01 00:00:00','2199-12-31 23:59:59','LOC0052','POLTEK NEGERI MEDAN','Medan','Sumatera Utara','Indonesia'),(53,1,'1900-01-01 00:00:00','2199-12-31 23:59:59','LOC0053','GSG IT DEL','Toba Samosir','Sumatera Utara','Indonesia'),(54,1,'1900-01-01 00:00:00','2199-12-31 23:59:59','LOC0054','USU gd ILKOM','Medan','Sumatera Utara','Indonesia'),(55,1,'1900-01-01 00:00:00','2199-12-31 23:59:59','LOC0055','UNSRI gd 4 lt 1','Palembang','Sumatera Selatan','Indonesia'),(56,1,'1900-01-01 00:00:00','2199-12-31 23:59:59','LOC0056','GSG IT DEL','Toba Samosir','Sumatera Utara','Indonesia'),(57,1,'1900-01-01 00:00:00','2199-12-31 23:59:59','LOC0057','POLMED gd 2 lt 2','Medan','Sumatera Utara','Indonesia'),(58,1,'1900-01-01 00:00:00','2199-12-31 23:59:59','LOC0058','OT IT DEL','Toba Samosir','Sumatera Utara','Indonesia'),(59,1,'1900-01-01 00:00:00','2199-12-31 23:59:59','LOC0059','POLTEKES JAKARTA','Jakarta','DKI Jakarta','Indonesia'),(60,1,'1900-01-01 00:00:00','2199-12-31 23:59:59','LOC0060','Auditorium IT DEL ','Toba Samosir','Sumatera Utara','Indonesia'),(61,1,'1900-01-01 00:00:00','2199-12-31 23:59:59','LOC0061','UNIB gd 7 lt 3','Bengkulu','Bengkulu','Indonesia'),(62,1,'1900-01-01 00:00:00','2199-12-31 23:59:59','LOC0062','GSG IT DEL','Toba Samosir','Sumatera Utara','Indonesia'),(63,1,'1900-01-01 00:00:00','2199-12-31 23:59:59','LOC0063','USU ILKOM','Medan','Sumatera Utara','Indonesia'),(64,1,'1900-01-01 00:00:00','2199-12-31 23:59:59','LOC0064','UNDIP ILKOM','Semarang','Jawa Tengah','Indonesia'),(65,1,'1900-01-01 00:00:00','2199-12-31 23:59:59','LOC0065','GSG IT DEL','Toba Samosir','Sumatera Utara','Indonesia'),(66,1,'1900-01-01 00:00:00','2199-12-31 23:59:59','LOC0066','OT IT DEL','Toba Samosir','Sumatera Utara','Indonesia'),(67,1,'1900-01-01 00:00:00','2199-12-31 23:59:59','LOC0067','USU gd ILKOM','Medan','Sumatera Utara','Indonesia'),(68,1,'1900-01-01 00:00:00','2199-12-31 23:59:59','LOC0068','GSG IT DEL','Toba Samosir','Sumatera Utara','Indonesia'),(69,1,'1900-01-01 00:00:00','2199-12-31 23:59:59','LOC0069','POLTEK NEGERI JAKARTA','Jakarta','DKI Jakarta','Indonesia'),(70,1,'1900-01-01 00:00:00','2199-12-31 23:59:59','LOC0070','GSG IT DEL','Toba Samosir','Sumatera Utara','Indonesia'),(71,1,'1900-01-01 00:00:00','2199-12-31 23:59:59','LOC0071','Auditorium IT DEL ','Toba Samosir','Sumatera Utara','Indonesia'),(72,1,'1900-01-01 00:00:00','2199-12-31 23:59:59','LOC0072','UNS  gd 5 lt 6','Semarang','Jawa Tengah','Indonesia'),(73,1,'1900-01-01 00:00:00','2199-12-31 23:59:59','LOC0073','IT Del gd 5 ','Toba Samosir','Sumatera Utara','Indonesia'),(74,1,'1900-01-01 00:00:00','2199-12-31 23:59:59','LOC0074','GSG IT DEL','Toba Samosir','Sumatera Utara','Indonesia'),(75,1,'1900-01-01 00:00:00','2199-12-31 23:59:59','LOC0075','OT IT DEL','Toba Samosir','Sumatera Utara','Indonesia'),(76,1,'1900-01-01 00:00:00','2199-12-31 23:59:59','LOC0076','POLMED gd 2 lt 2','Medan','Sumatera Utara','Indonesia'),(77,1,'1900-01-01 00:00:00','2199-12-31 23:59:59','LOC0077','GSG IT DEL','Toba Samosir','Sumatera Utara','Indonesia'),(78,1,'1900-01-01 00:00:00','2199-12-31 23:59:59','LOC0078','UNIV LAMPUNG','Lampung','Lampung','Indonesia'),(79,1,'1900-01-01 00:00:00','2199-12-31 23:59:59','LOC0079','Auditorium IT DEL ','Toba Samosir','Sumatera Utara','Indonesia'),(80,1,'1900-01-01 00:00:00','2199-12-31 23:59:59','LOC0080','POLTEK NEGERI SEMARANG','Semarang','Jawa Tengah','Indonesia'),(81,1,'1900-01-01 00:00:00','2199-12-31 23:59:59','LOC0081','POLTEK NEGERI JAKARTA','Jakarta','DKI Jakarta','Indonesia'),(82,1,'1900-01-01 00:00:00','2199-12-31 23:59:59','LOC0082','POLMED gd 2 lt 2','Medan','Sumatera Utara','Indonesia'),(83,1,'1900-01-01 00:00:00','2199-12-31 23:59:59','LOC0083','OT IT DEL','Toba Samosir','Sumatera Utara','Indonesia'),(84,1,'1900-01-01 00:00:00','2199-12-31 23:59:59','LOC0084','GSG IT DEL','Toba Samosir','Sumatera Utara','Indonesia'),(85,1,'1900-01-01 00:00:00','2199-12-31 23:59:59','LOC0085','UNJ gd 2 lt 9','Jakarta','DKI Jakarta','Indonesia'),(86,1,'1900-01-01 00:00:00','2199-12-31 23:59:59','LOC0086','USU gd Teknik Industri','Medan','Sumatera Utara','Indonesia'),(87,1,'1900-01-01 00:00:00','2199-12-31 23:59:59','LOC0087','USU gd ILKOM','Medan','Sumatera Utara','Indonesia'),(88,1,'1900-01-01 00:00:00','2199-12-31 23:59:59','LOC0088','GSG IT DEL','Toba Samosir','Sumatera Utara','Indonesia'),(89,1,'1900-01-01 00:00:00','2199-12-31 23:59:59','LOC0089','Auditorium IT DEL ','Toba Samosir','Sumatera Utara','Indonesia'),(90,1,'1900-01-01 00:00:00','2199-12-31 23:59:59','LOC0090','UNDIP gd 5 lt 5','Semarang','Jawa Tengah','Indonesia'),(91,1,'1900-01-01 00:00:00','2199-12-31 23:59:59','LOC0091','USU gd ILKOM','Medan','Sumatera Utara','Indonesia'),(92,1,'1900-01-01 00:00:00','2199-12-31 23:59:59','LOC0092','UNIV JAMBI ','Jambi','Jambi','Indonesia'),(93,1,'1900-01-01 00:00:00','2199-12-31 23:59:59','LOC0093','POLMED gd 2 lt 2','Medan','Sumatera Utara','Indonesia'),(94,1,'1900-01-01 00:00:00','2199-12-31 23:59:59','LOC0094','UNJ gd 7 lt 9','Jakarta','DKI Jakarta','Indonesia'),(95,1,'1900-01-01 00:00:00','2199-12-31 23:59:59','LOC0095','GSG IT DEL','Toba Samosir','Sumatera Utara','Indonesia'),(96,1,'1900-01-01 00:00:00','2199-12-31 23:59:59','LOC0096','UNIMED gd 7 lt 1','Medan','Sumatera Utara','Indonesia'),(97,1,'1900-01-01 00:00:00','2199-12-31 23:59:59','LOC0097','USU gd ILKOM','Medan','Sumatera Utara','Indonesia'),(98,1,'1900-01-01 00:00:00','2199-12-31 23:59:59','LOC0098','Auditorium IT DEL ','Toba Samosir','Sumatera Utara','Indonesia'),(99,1,'1900-01-01 00:00:00','2199-12-31 23:59:59','LOC0099','POLTEKES JAKARTA','Jakarta','DKI Jakarta','Indonesia'),(100,1,'1900-01-01 00:00:00','2199-12-31 23:59:59','LOC0100','UNDIP gd 5 lt 4','Semarang','Jawa Tengah','Indonesia');

/*Table structure for table `participant_dim` */

DROP TABLE IF EXISTS `participant_dim`;

CREATE TABLE `participant_dim` (
  `PK_PARTICIPANT` bigint(20) NOT NULL,
  `version` int(11) DEFAULT NULL,
  `date_from` datetime DEFAULT NULL,
  `date_to` datetime DEFAULT NULL,
  `id participant` varchar(7) DEFAULT NULL,
  `prodi` varchar(21) DEFAULT NULL,
  `kelas` varchar(6) DEFAULT NULL,
  `jumlah` bigint(20) DEFAULT NULL,
  PRIMARY KEY (`PK_PARTICIPANT`),
  KEY `idx_PARTICIPANT_DIM_lookup` (`id participant`),
  KEY `idx_PARTICIPANT_DIM_tk` (`PK_PARTICIPANT`)
) ENGINE=InnoDB DEFAULT CHARSET=latin1;

/*Data for the table `participant_dim` */

insert  into `participant_dim`(`PK_PARTICIPANT`,`version`,`date_from`,`date_to`,`id participant`,`prodi`,`kelas`,`jumlah`) values (0,1,NULL,NULL,NULL,NULL,NULL,NULL),(1,1,'1900-01-01 00:00:00','2199-12-31 23:59:59','PRT0001','S1 Sistem Informasi','11SI1',27),(2,1,'1900-01-01 00:00:00','2199-12-31 23:59:59','PRT0002','S1 Sistem Informasi','11SI2',28),(3,1,'1900-01-01 00:00:00','2199-12-31 23:59:59','PRT0003','S1 Teknik Informatika','11TI1',25),(4,1,'1900-01-01 00:00:00','2199-12-31 23:59:59','PRT0004','S1 Teknik Informatika','11TI2',28),(5,1,'1900-01-01 00:00:00','2199-12-31 23:59:59','PRT0005','S1 Teknik Elektro','11TE1',29),(6,1,'1900-01-01 00:00:00','2199-12-31 23:59:59','PRT0006','S1 Teknik Elektro','11TE2',27),(7,1,'1900-01-01 00:00:00','2199-12-31 23:59:59','PRT0007','S1 Teknik Bioproses','11TB',28),(8,1,'1900-01-01 00:00:00','2199-12-31 23:59:59','PRT0008','S1 Manajemen Rekayasa','11MR',29),(9,1,'1900-01-01 00:00:00','2199-12-31 23:59:59','PRT0009','S1 Manajemen Rekayasa','11MR',28),(10,1,'1900-01-01 00:00:00','2199-12-31 23:59:59','PRT0010','D4 Teknik Informatika','41TI1',26),(11,1,'1900-01-01 00:00:00','2199-12-31 23:59:59','PRT0011','D4 Teknik Informatika','41TI2',28),(12,1,'1900-01-01 00:00:00','2199-12-31 23:59:59','PRT0012','D3 Teknik Informatika','31TI1',29),(13,1,'1900-01-01 00:00:00','2199-12-31 23:59:59','PRT0013','D3 Teknik Informatika','31TI2',29),(14,1,'1900-01-01 00:00:00','2199-12-31 23:59:59','PRT0014','D3 Teknik Komputer','31TK1',26),(15,1,'1900-01-01 00:00:00','2199-12-31 23:59:59','PRT0015','D3 Teknik Komputer','31TK2',30),(16,1,'1900-01-01 00:00:00','2199-12-31 23:59:59','PRT0016','S1 Sistem Informasi','12SI1',27),(17,1,'1900-01-01 00:00:00','2199-12-31 23:59:59','PRT0017','S1 Sistem Informasi','12SI2',28),(18,1,'1900-01-01 00:00:00','2199-12-31 23:59:59','PRT0018','S1 Teknik Informatika','12TI1',29),(19,1,'1900-01-01 00:00:00','2199-12-31 23:59:59','PRT0019','S1 Teknik Informatika','12TI2',28),(20,1,'1900-01-01 00:00:00','2199-12-31 23:59:59','PRT0020','S1 Teknik Elektro','12TE1',26),(21,1,'1900-01-01 00:00:00','2199-12-31 23:59:59','PRT0021','S1 Teknik Elektro','12TE2',28),(22,1,'1900-01-01 00:00:00','2199-12-31 23:59:59','PRT0022','S1 Teknik Bioproses','12TB',28),(23,1,'1900-01-01 00:00:00','2199-12-31 23:59:59','PRT0023','S1 Manajemen Rekayasa','12MR1',29),(24,1,'1900-01-01 00:00:00','2199-12-31 23:59:59','PRT0024','S1 Manajemen Rekayasa','12MR2',28),(25,1,'1900-01-01 00:00:00','2199-12-31 23:59:59','PRT0025','D4 Teknik Informatika','42TI1',26),(26,1,'1900-01-01 00:00:00','2199-12-31 23:59:59','PRT0026','D4 Teknik Informatika','42TI2',28),(27,1,'1900-01-01 00:00:00','2199-12-31 23:59:59','PRT0027','D3 Teknik Informatika','32TI1',29),(28,1,'1900-01-01 00:00:00','2199-12-31 23:59:59','PRT0028','D3 Teknik Informatika','32TI2',29),(29,1,'1900-01-01 00:00:00','2199-12-31 23:59:59','PRT0029','D3 Teknik Komputer','32TK1',26),(30,1,'1900-01-01 00:00:00','2199-12-31 23:59:59','PRT0030','D3 Teknik Komputer','32TK2',30),(31,1,'1900-01-01 00:00:00','2199-12-31 23:59:59','PRT0031','S1 Sistem Informasi','13SI1',28),(32,1,'1900-01-01 00:00:00','2199-12-31 23:59:59','PRT0032','S1 Sistem Informasi','13SI2',29),(33,1,'1900-01-01 00:00:00','2199-12-31 23:59:59','PRT0033','S1 Teknik Informatika','13TI1',29),(34,1,'1900-01-01 00:00:00','2199-12-31 23:59:59','PRT0034','S1 Teknik Informatika','13TI2',26),(35,1,'1900-01-01 00:00:00','2199-12-31 23:59:59','PRT0035','S1 Teknik Elektro','13TE1',27),(36,1,'1900-01-01 00:00:00','2199-12-31 23:59:59','PRT0036','S1 Teknik Elektro','13TE2',28),(37,1,'1900-01-01 00:00:00','2199-12-31 23:59:59','PRT0037','S1 Teknik Bioproses','13TB',25),(38,1,'1900-01-01 00:00:00','2199-12-31 23:59:59','PRT0038','S1 Manajemen Rekayasa','13MR1',28),(39,1,'1900-01-01 00:00:00','2199-12-31 23:59:59','PRT0039','S1 Manajemen Rekayasa','13MR2',29),(40,1,'1900-01-01 00:00:00','2199-12-31 23:59:59','PRT0040','D4 Teknik Informatika','43TI1',27),(41,1,'1900-01-01 00:00:00','2199-12-31 23:59:59','PRT0041','D4 Teknik Informatika','43TI2',28),(42,1,'1900-01-01 00:00:00','2199-12-31 23:59:59','PRT0042','D3 Teknik Informatika','33TI1',29),(43,1,'1900-01-01 00:00:00','2199-12-31 23:59:59','PRT0043','D3 Teknik Informatika','33TI2',28),(44,1,'1900-01-01 00:00:00','2199-12-31 23:59:59','PRT0044','D3 Teknik Komputer','33TK1',27),(45,1,'1900-01-01 00:00:00','2199-12-31 23:59:59','PRT0045','D3 Teknik Komputer','33TK2',28),(46,1,'1900-01-01 00:00:00','2199-12-31 23:59:59','PRT0046','S1 Sistem Informasi','14SI1',25),(47,1,'1900-01-01 00:00:00','2199-12-31 23:59:59','PRT0047','S1 Sistem Informasi','14SI2',28),(48,1,'1900-01-01 00:00:00','2199-12-31 23:59:59','PRT0048','S1 Teknik Informatika','14TI1',29),(49,1,'1900-01-01 00:00:00','2199-12-31 23:59:59','PRT0049','S1 Teknik Informatika','14TI2',27),(50,1,'1900-01-01 00:00:00','2199-12-31 23:59:59','PRT0050','S1 Teknik Elektro','14TE1',28),(51,1,'1900-01-01 00:00:00','2199-12-31 23:59:59','PRT0051','S1 Teknik Elektro','14TE2',29),(52,1,'1900-01-01 00:00:00','2199-12-31 23:59:59','PRT0052','S1 Teknik Bioproses','14TB',28),(53,1,'1900-01-01 00:00:00','2199-12-31 23:59:59','PRT0053','S1 Manajemen Rekayasa','14MR1',28),(54,1,'1900-01-01 00:00:00','2199-12-31 23:59:59','PRT0054','S1 Manajemen Rekayasa','14MR2',29),(55,1,'1900-01-01 00:00:00','2199-12-31 23:59:59','PRT0055','D4 Teknik Informatika','44TI1',27),(56,1,'1900-01-01 00:00:00','2199-12-31 23:59:59','PRT0056','D4 Teknik Informatika','44TI2',28),(57,1,'1900-01-01 00:00:00','2199-12-31 23:59:59','PRT0057','D3 Teknik Informatika','34TI1',29),(58,1,'1900-01-01 00:00:00','2199-12-31 23:59:59','PRT0058','D3 Teknik Informatika','34TI2',28),(59,1,'1900-01-01 00:00:00','2199-12-31 23:59:59','PRT0059','D3 Teknik Komputer','34TK1',26),(60,1,'1900-01-01 00:00:00','2199-12-31 23:59:59','PRT0060','D3 Teknik Komputer','34TK2',27),(61,1,'1900-01-01 00:00:00','2199-12-31 23:59:59','PRT0061','S1 Sistem Informasi','11SI1',28),(62,1,'1900-01-01 00:00:00','2199-12-31 23:59:59','PRT0062','S1 Sistem Informasi','11SI2',25),(63,1,'1900-01-01 00:00:00','2199-12-31 23:59:59','PRT0063','S1 Teknik Informatika','11TI1',28),(64,1,'1900-01-01 00:00:00','2199-12-31 23:59:59','PRT0064','S1 Teknik Informatika','11TI2',29),(65,1,'1900-01-01 00:00:00','2199-12-31 23:59:59','PRT0065','S1 Teknik Elektro','11TE1',27),(66,1,'1900-01-01 00:00:00','2199-12-31 23:59:59','PRT0066','S1 Teknik Elektro','11TE2',28),(67,1,'1900-01-01 00:00:00','2199-12-31 23:59:59','PRT0067','S1 Teknik Bioproses','11TB',29),(68,1,'1900-01-01 00:00:00','2199-12-31 23:59:59','PRT0068','S1 Manajemen Rekayasa','11MR',28),(69,1,'1900-01-01 00:00:00','2199-12-31 23:59:59','PRT0069','S1 Manajemen Rekayasa','11MR',29),(70,1,'1900-01-01 00:00:00','2199-12-31 23:59:59','PRT0070','D4 Teknik Informatika','41TI1',29),(71,1,'1900-01-01 00:00:00','2199-12-31 23:59:59','PRT0071','D4 Teknik Informatika','41TI2',26),(72,1,'1900-01-01 00:00:00','2199-12-31 23:59:59','PRT0072','D3 Teknik Informatika','31TI1',30),(73,1,'1900-01-01 00:00:00','2199-12-31 23:59:59','PRT0073','D3 Teknik Informatika','31TI2',28),(74,1,'1900-01-01 00:00:00','2199-12-31 23:59:59','PRT0074','D3 Teknik Komputer','31TK1',29),(75,1,'1900-01-01 00:00:00','2199-12-31 23:59:59','PRT0075','D3 Teknik Komputer','31TK2',28),(76,1,'1900-01-01 00:00:00','2199-12-31 23:59:59','PRT0076','S1 Sistem Informasi','12SI1',29),(77,1,'1900-01-01 00:00:00','2199-12-31 23:59:59','PRT0077','S1 Sistem Informasi','12SI2',29),(78,1,'1900-01-01 00:00:00','2199-12-31 23:59:59','PRT0078','S1 Teknik Informatika','12TI1',26),(79,1,'1900-01-01 00:00:00','2199-12-31 23:59:59','PRT0079','S1 Teknik Informatika','12TI2',30),(80,1,'1900-01-01 00:00:00','2199-12-31 23:59:59','PRT0080','S1 Teknik Elektro','12TE1',28),(81,1,'1900-01-01 00:00:00','2199-12-31 23:59:59','PRT0081','S1 Teknik Elektro','12TE2',26),(82,1,'1900-01-01 00:00:00','2199-12-31 23:59:59','PRT0082','S1 Teknik Bioproses','12TB',28),(83,1,'1900-01-01 00:00:00','2199-12-31 23:59:59','PRT0083','S1 Manajemen Rekayasa','12MR1',29),(84,1,'1900-01-01 00:00:00','2199-12-31 23:59:59','PRT0084','S1 Manajemen Rekayasa','12MR12',29),(85,1,'1900-01-01 00:00:00','2199-12-31 23:59:59','PRT0085','D4 Teknik Informatika','42TI1',28),(86,1,'1900-01-01 00:00:00','2199-12-31 23:59:59','PRT0086','D4 Teknik Informatika','42TI2',29),(87,1,'1900-01-01 00:00:00','2199-12-31 23:59:59','PRT0087','D3 Teknik Informatika','32TI1',28),(88,1,'1900-01-01 00:00:00','2199-12-31 23:59:59','PRT0088','D3 Teknik Informatika','32TI2',29),(89,1,'1900-01-01 00:00:00','2199-12-31 23:59:59','PRT0089','D3 Teknik Komputer','32TK1',29),(90,1,'1900-01-01 00:00:00','2199-12-31 23:59:59','PRT0090','D3 Teknik Komputer','32TK2',26),(91,1,'1900-01-01 00:00:00','2199-12-31 23:59:59','PRT0091','S1 Sistem Informasi','13SI1',30),(92,1,'1900-01-01 00:00:00','2199-12-31 23:59:59','PRT0092','S1 Sistem Informasi','13SI2',28),(93,1,'1900-01-01 00:00:00','2199-12-31 23:59:59','PRT0093','S1 Teknik Informatika','13TI1',29),(94,1,'1900-01-01 00:00:00','2199-12-31 23:59:59','PRT0094','S1 Teknik Informatika','13TI2',28),(95,1,'1900-01-01 00:00:00','2199-12-31 23:59:59','PRT0095','S1 Teknik Elektro','13TE1',26),(96,1,'1900-01-01 00:00:00','2199-12-31 23:59:59','PRT0096','S1 Teknik Elektro','13TE2',28),(97,1,'1900-01-01 00:00:00','2199-12-31 23:59:59','PRT0097','S1 Teknik Bioproses','13TB',29),(98,1,'1900-01-01 00:00:00','2199-12-31 23:59:59','PRT0098','S1 Manajemen Rekayasa','13MR',28),(99,1,'1900-01-01 00:00:00','2199-12-31 23:59:59','PRT0099','S1 Manajemen Rekayasa','13MR',26),(100,1,'1900-01-01 00:00:00','2199-12-31 23:59:59','PRT0100','D4 Teknik Informatika','43TI1',28);

/*Table structure for table `pemasukan_dim` */

DROP TABLE IF EXISTS `pemasukan_dim`;

CREATE TABLE `pemasukan_dim` (
  `PK_PARTICIPANT` bigint(20) NOT NULL,
  `version` int(11) DEFAULT NULL,
  `date_from` datetime DEFAULT NULL,
  `date_to` datetime DEFAULT NULL,
  `id pemasukan` varchar(6) DEFAULT NULL,
  `jumlah pemasukan` bigint(20) DEFAULT NULL,
  PRIMARY KEY (`PK_PARTICIPANT`),
  KEY `idx_PEMASUKAN_DIM_lookup` (`id pemasukan`),
  KEY `idx_PEMASUKAN_DIM_tk` (`PK_PARTICIPANT`)
) ENGINE=InnoDB DEFAULT CHARSET=latin1;

/*Data for the table `pemasukan_dim` */

insert  into `pemasukan_dim`(`PK_PARTICIPANT`,`version`,`date_from`,`date_to`,`id pemasukan`,`jumlah pemasukan`) values (0,1,NULL,NULL,NULL,NULL),(1,1,'1900-01-01 00:00:00','2199-12-31 23:59:59','IN0001',5000000),(2,1,'1900-01-01 00:00:00','2199-12-31 23:59:59','IN0002',15000000),(3,1,'1900-01-01 00:00:00','2199-12-31 23:59:59','IN0003',5000000),(4,1,'1900-01-01 00:00:00','2199-12-31 23:59:59','IN0004',15000000),(5,1,'1900-01-01 00:00:00','2199-12-31 23:59:59','IN0005',10000000),(6,1,'1900-01-01 00:00:00','2199-12-31 23:59:59','IN0006',10000000),(7,1,'1900-01-01 00:00:00','2199-12-31 23:59:59','IN0007',10000000),(8,1,'1900-01-01 00:00:00','2199-12-31 23:59:59','IN0008',10000000),(9,1,'1900-01-01 00:00:00','2199-12-31 23:59:59','IN0009',10000000),(10,1,'1900-01-01 00:00:00','2199-12-31 23:59:59','IN0010',10000000),(11,1,'1900-01-01 00:00:00','2199-12-31 23:59:59','IN0011',5000000),(12,1,'1900-01-01 00:00:00','2199-12-31 23:59:59','IN0012',10000000),(13,1,'1900-01-01 00:00:00','2199-12-31 23:59:59','IN0013',10000000),(14,1,'1900-01-01 00:00:00','2199-12-31 23:59:59','IN0014',5000000),(15,1,'1900-01-01 00:00:00','2199-12-31 23:59:59','IN0015',10000000),(16,1,'1900-01-01 00:00:00','2199-12-31 23:59:59','IN0016',5000000),(17,1,'1900-01-01 00:00:00','2199-12-31 23:59:59','IN0017',10000000),(18,1,'1900-01-01 00:00:00','2199-12-31 23:59:59','IN0018',5000000),(19,1,'1900-01-01 00:00:00','2199-12-31 23:59:59','IN0019',5000000),(20,1,'1900-01-01 00:00:00','2199-12-31 23:59:59','IN0020',5000000),(21,1,'1900-01-01 00:00:00','2199-12-31 23:59:59','IN0021',5000000),(22,1,'1900-01-01 00:00:00','2199-12-31 23:59:59','IN0022',10000000),(23,1,'1900-01-01 00:00:00','2199-12-31 23:59:59','IN0023',5000000),(24,1,'1900-01-01 00:00:00','2199-12-31 23:59:59','IN0024',5000000),(25,1,'1900-01-01 00:00:00','2199-12-31 23:59:59','IN0025',5000000),(26,1,'1900-01-01 00:00:00','2199-12-31 23:59:59','IN0026',5000000),(27,1,'1900-01-01 00:00:00','2199-12-31 23:59:59','IN0027',5000000),(28,1,'1900-01-01 00:00:00','2199-12-31 23:59:59','IN0028',5000000),(29,1,'1900-01-01 00:00:00','2199-12-31 23:59:59','IN0029',10000000),(30,1,'1900-01-01 00:00:00','2199-12-31 23:59:59','IN0030',5000000),(31,1,'1900-01-01 00:00:00','2199-12-31 23:59:59','IN0031',10000000),(32,1,'1900-01-01 00:00:00','2199-12-31 23:59:59','IN0032',10000000),(33,1,'1900-01-01 00:00:00','2199-12-31 23:59:59','IN0033',5000000),(34,1,'1900-01-01 00:00:00','2199-12-31 23:59:59','IN0034',5000000),(35,1,'1900-01-01 00:00:00','2199-12-31 23:59:59','IN0035',15000000),(36,1,'1900-01-01 00:00:00','2199-12-31 23:59:59','IN0036',5000000),(37,1,'1900-01-01 00:00:00','2199-12-31 23:59:59','IN0037',10000000),(38,1,'1900-01-01 00:00:00','2199-12-31 23:59:59','IN0038',5000000),(39,1,'1900-01-01 00:00:00','2199-12-31 23:59:59','IN0039',5000000),(40,1,'1900-01-01 00:00:00','2199-12-31 23:59:59','IN0040',5000000),(41,1,'1900-01-01 00:00:00','2199-12-31 23:59:59','IN0041',5000000),(42,1,'1900-01-01 00:00:00','2199-12-31 23:59:59','IN0042',5000000),(43,1,'1900-01-01 00:00:00','2199-12-31 23:59:59','IN0043',5000000),(44,1,'1900-01-01 00:00:00','2199-12-31 23:59:59','IN0044',5000000),(45,1,'1900-01-01 00:00:00','2199-12-31 23:59:59','IN0045',10000000),(46,1,'1900-01-01 00:00:00','2199-12-31 23:59:59','IN0046',10000000),(47,1,'1900-01-01 00:00:00','2199-12-31 23:59:59','IN0047',5000000),(48,1,'1900-01-01 00:00:00','2199-12-31 23:59:59','IN0048',10000000),(49,1,'1900-01-01 00:00:00','2199-12-31 23:59:59','IN0049',5000000),(50,1,'1900-01-01 00:00:00','2199-12-31 23:59:59','IN0050',5000000),(51,1,'1900-01-01 00:00:00','2199-12-31 23:59:59','IN0051',5000000),(52,1,'1900-01-01 00:00:00','2199-12-31 23:59:59','IN0052',5000000),(53,1,'1900-01-01 00:00:00','2199-12-31 23:59:59','IN0053',5000000),(54,1,'1900-01-01 00:00:00','2199-12-31 23:59:59','IN0054',5000000),(55,1,'1900-01-01 00:00:00','2199-12-31 23:59:59','IN0055',10000000),(56,1,'1900-01-01 00:00:00','2199-12-31 23:59:59','IN0056',5000000),(57,1,'1900-01-01 00:00:00','2199-12-31 23:59:59','IN0057',5000000),(58,1,'1900-01-01 00:00:00','2199-12-31 23:59:59','IN0058',5000000),(59,1,'1900-01-01 00:00:00','2199-12-31 23:59:59','IN0059',10000000),(60,1,'1900-01-01 00:00:00','2199-12-31 23:59:59','IN0060',5000000),(61,1,'1900-01-01 00:00:00','2199-12-31 23:59:59','IN0061',10000000),(62,1,'1900-01-01 00:00:00','2199-12-31 23:59:59','IN0062',5000000),(63,1,'1900-01-01 00:00:00','2199-12-31 23:59:59','IN0063',5000000),(64,1,'1900-01-01 00:00:00','2199-12-31 23:59:59','IN0064',10000000),(65,1,'1900-01-01 00:00:00','2199-12-31 23:59:59','IN0065',5000000),(66,1,'1900-01-01 00:00:00','2199-12-31 23:59:59','IN0066',5000000),(67,1,'1900-01-01 00:00:00','2199-12-31 23:59:59','IN0067',5000000),(68,1,'1900-01-01 00:00:00','2199-12-31 23:59:59','IN0068',5000000),(69,1,'1900-01-01 00:00:00','2199-12-31 23:59:59','IN0069',10000000),(70,1,'1900-01-01 00:00:00','2199-12-31 23:59:59','IN0070',5000000),(71,1,'1900-01-01 00:00:00','2199-12-31 23:59:59','IN0071',5000000),(72,1,'1900-01-01 00:00:00','2199-12-31 23:59:59','IN0072',10000000),(73,1,'1900-01-01 00:00:00','2199-12-31 23:59:59','IN0073',5000000),(74,1,'1900-01-01 00:00:00','2199-12-31 23:59:59','IN0074',5000000),(75,1,'1900-01-01 00:00:00','2199-12-31 23:59:59','IN0075',5000000),(76,1,'1900-01-01 00:00:00','2199-12-31 23:59:59','IN0076',5000000),(77,1,'1900-01-01 00:00:00','2199-12-31 23:59:59','IN0077',5000000),(78,1,'1900-01-01 00:00:00','2199-12-31 23:59:59','IN0078',10000000),(79,1,'1900-01-01 00:00:00','2199-12-31 23:59:59','IN0079',5000000),(80,1,'1900-01-01 00:00:00','2199-12-31 23:59:59','IN0080',10000000),(81,1,'1900-01-01 00:00:00','2199-12-31 23:59:59','IN0081',10000000),(82,1,'1900-01-01 00:00:00','2199-12-31 23:59:59','IN0082',5000000),(83,1,'1900-01-01 00:00:00','2199-12-31 23:59:59','IN0083',5000000),(84,1,'1900-01-01 00:00:00','2199-12-31 23:59:59','IN0084',5000000),(85,1,'1900-01-01 00:00:00','2199-12-31 23:59:59','IN0085',10000000),(86,1,'1900-01-01 00:00:00','2199-12-31 23:59:59','IN0086',5000000),(87,1,'1900-01-01 00:00:00','2199-12-31 23:59:59','IN0087',5000000),(88,1,'1900-01-01 00:00:00','2199-12-31 23:59:59','IN0088',5000000),(89,1,'1900-01-01 00:00:00','2199-12-31 23:59:59','IN0089',5000000),(90,1,'1900-01-01 00:00:00','2199-12-31 23:59:59','IN0090',10000000),(91,1,'1900-01-01 00:00:00','2199-12-31 23:59:59','IN0091',5000000),(92,1,'1900-01-01 00:00:00','2199-12-31 23:59:59','IN0092',10000000),(93,1,'1900-01-01 00:00:00','2199-12-31 23:59:59','IN0093',5000000),(94,1,'1900-01-01 00:00:00','2199-12-31 23:59:59','IN0094',10000000),(95,1,'1900-01-01 00:00:00','2199-12-31 23:59:59','IN0095',5000000),(96,1,'1900-01-01 00:00:00','2199-12-31 23:59:59','IN0096',5000000),(97,1,'1900-01-01 00:00:00','2199-12-31 23:59:59','IN0097',5000000),(98,1,'1900-01-01 00:00:00','2199-12-31 23:59:59','IN0098',5000000),(99,1,'1900-01-01 00:00:00','2199-12-31 23:59:59','IN0099',10000000),(100,1,'1900-01-01 00:00:00','2199-12-31 23:59:59','IN0100',10000000);

/*Table structure for table `pengeluaran_dim` */

DROP TABLE IF EXISTS `pengeluaran_dim`;

CREATE TABLE `pengeluaran_dim` (
  `PK_PENGELUARAN` bigint(20) NOT NULL,
  `version` int(11) DEFAULT NULL,
  `date_from` datetime DEFAULT NULL,
  `date_to` datetime DEFAULT NULL,
  `id pengeluaran` varchar(7) DEFAULT NULL,
  `jumlah pengeluaran` bigint(20) DEFAULT NULL,
  PRIMARY KEY (`PK_PENGELUARAN`),
  KEY `idx_PENGELUARAN_DIM_lookup` (`id pengeluaran`),
  KEY `idx_PENGELUARAN_DIM_tk` (`PK_PENGELUARAN`)
) ENGINE=InnoDB DEFAULT CHARSET=latin1;

/*Data for the table `pengeluaran_dim` */

insert  into `pengeluaran_dim`(`PK_PENGELUARAN`,`version`,`date_from`,`date_to`,`id pengeluaran`,`jumlah pengeluaran`) values (0,1,NULL,NULL,NULL,NULL),(1,1,'1900-01-01 00:00:00','2199-12-31 23:59:59','OUT0001',5000000),(2,1,'1900-01-01 00:00:00','2199-12-31 23:59:59','OUT0002',10000000),(3,1,'1900-01-01 00:00:00','2199-12-31 23:59:59','OUT0003',2000000),(4,1,'1900-01-01 00:00:00','2199-12-31 23:59:59','OUT0004',10000000),(5,1,'1900-01-01 00:00:00','2199-12-31 23:59:59','OUT0005',8000000),(6,1,'1900-01-01 00:00:00','2199-12-31 23:59:59','OUT0006',6000000),(7,1,'1900-01-01 00:00:00','2199-12-31 23:59:59','OUT0007',8000000),(8,1,'1900-01-01 00:00:00','2199-12-31 23:59:59','OUT0008',10000000),(9,1,'1900-01-01 00:00:00','2199-12-31 23:59:59','OUT0009',10000000),(10,1,'1900-01-01 00:00:00','2199-12-31 23:59:59','OUT0010',10000000),(11,1,'1900-01-01 00:00:00','2199-12-31 23:59:59','OUT0011',5000000),(12,1,'1900-01-01 00:00:00','2199-12-31 23:59:59','OUT0012',8000000),(13,1,'1900-01-01 00:00:00','2199-12-31 23:59:59','OUT0013',10000000),(14,1,'1900-01-01 00:00:00','2199-12-31 23:59:59','OUT0014',5000000),(15,1,'1900-01-01 00:00:00','2199-12-31 23:59:59','OUT0015',8000000),(16,1,'1900-01-01 00:00:00','2199-12-31 23:59:59','OUT0016',5000000),(17,1,'1900-01-01 00:00:00','2199-12-31 23:59:59','OUT0017',10000000),(18,1,'1900-01-01 00:00:00','2199-12-31 23:59:59','OUT0018',5000000),(19,1,'1900-01-01 00:00:00','2199-12-31 23:59:59','OUT0019',2000000),(20,1,'1900-01-01 00:00:00','2199-12-31 23:59:59','OUT0020',2000000),(21,1,'1900-01-01 00:00:00','2199-12-31 23:59:59','OUT0021',5000000),(22,1,'1900-01-01 00:00:00','2199-12-31 23:59:59','OUT0022',10000000),(23,1,'1900-01-01 00:00:00','2199-12-31 23:59:59','OUT0023',2000000),(24,1,'1900-01-01 00:00:00','2199-12-31 23:59:59','OUT0024',2000000),(25,1,'1900-01-01 00:00:00','2199-12-31 23:59:59','OUT0025',5000000),(26,1,'1900-01-01 00:00:00','2199-12-31 23:59:59','OUT0026',2000000),(27,1,'1900-01-01 00:00:00','2199-12-31 23:59:59','OUT0027',5000000),(28,1,'1900-01-01 00:00:00','2199-12-31 23:59:59','OUT0028',2000000),(29,1,'1900-01-01 00:00:00','2199-12-31 23:59:59','OUT0029',10000000),(30,1,'1900-01-01 00:00:00','2199-12-31 23:59:59','OUT0030',2000000),(31,1,'1900-01-01 00:00:00','2199-12-31 23:59:59','OUT0031',10000000),(32,1,'1900-01-01 00:00:00','2199-12-31 23:59:59','OUT0032',8000000),(33,1,'1900-01-01 00:00:00','2199-12-31 23:59:59','OUT0033',2000000),(34,1,'1900-01-01 00:00:00','2199-12-31 23:59:59','OUT0034',2000000),(35,1,'1900-01-01 00:00:00','2199-12-31 23:59:59','OUT0035',12000000),(36,1,'1900-01-01 00:00:00','2199-12-31 23:59:59','OUT0036',2000000),(37,1,'1900-01-01 00:00:00','2199-12-31 23:59:59','OUT0037',10000000),(38,1,'1900-01-01 00:00:00','2199-12-31 23:59:59','OUT0038',2000000),(39,1,'1900-01-01 00:00:00','2199-12-31 23:59:59','OUT0039',2000000),(40,1,'1900-01-01 00:00:00','2199-12-31 23:59:59','OUT0040',5000000),(41,1,'1900-01-01 00:00:00','2199-12-31 23:59:59','OUT0041',5000000),(42,1,'1900-01-01 00:00:00','2199-12-31 23:59:59','OUT0042',2000000),(43,1,'1900-01-01 00:00:00','2199-12-31 23:59:59','OUT0043',2000000),(44,1,'1900-01-01 00:00:00','2199-12-31 23:59:59','OUT0044',2000000),(45,1,'1900-01-01 00:00:00','2199-12-31 23:59:59','OUT0045',8000000),(46,1,'1900-01-01 00:00:00','2199-12-31 23:59:59','OUT0046',10000000),(47,1,'1900-01-01 00:00:00','2199-12-31 23:59:59','OUT0047',2000000),(48,1,'1900-01-01 00:00:00','2199-12-31 23:59:59','OUT0048',10000000),(49,1,'1900-01-01 00:00:00','2199-12-31 23:59:59','OUT0049',2000000),(50,1,'1900-01-01 00:00:00','2199-12-31 23:59:59','OUT0050',2000000),(51,1,'1900-01-01 00:00:00','2199-12-31 23:59:59','OUT0051',5000000),(52,1,'1900-01-01 00:00:00','2199-12-31 23:59:59','OUT0052',5000000),(53,1,'1900-01-01 00:00:00','2199-12-31 23:59:59','OUT0053',2000000),(54,1,'1900-01-01 00:00:00','2199-12-31 23:59:59','OUT0054',5000000),(55,1,'1900-01-01 00:00:00','2199-12-31 23:59:59','OUT0055',8000000),(56,1,'1900-01-01 00:00:00','2199-12-31 23:59:59','OUT0056',2000000),(57,1,'1900-01-01 00:00:00','2199-12-31 23:59:59','OUT0057',5000000),(58,1,'1900-01-01 00:00:00','2199-12-31 23:59:59','OUT0058',2000000),(59,1,'1900-01-01 00:00:00','2199-12-31 23:59:59','OUT0059',10000000),(60,1,'1900-01-01 00:00:00','2199-12-31 23:59:59','OUT0060',2000000),(61,1,'1900-01-01 00:00:00','2199-12-31 23:59:59','OUT0061',8000000),(62,1,'1900-01-01 00:00:00','2199-12-31 23:59:59','OUT0062',2000000),(63,1,'1900-01-01 00:00:00','2199-12-31 23:59:59','OUT0063',5000000),(64,1,'1900-01-01 00:00:00','2199-12-31 23:59:59','OUT0064',10000000),(65,1,'1900-01-01 00:00:00','2199-12-31 23:59:59','OUT0065',2000000),(66,1,'1900-01-01 00:00:00','2199-12-31 23:59:59','OUT0066',2000000),(67,1,'1900-01-01 00:00:00','2199-12-31 23:59:59','OUT0067',5000000),(68,1,'1900-01-01 00:00:00','2199-12-31 23:59:59','OUT0068',2000000),(69,1,'1900-01-01 00:00:00','2199-12-31 23:59:59','OUT0069',10000000),(70,1,'1900-01-01 00:00:00','2199-12-31 23:59:59','OUT0070',2000000),(71,1,'1900-01-01 00:00:00','2199-12-31 23:59:59','OUT0071',2000000),(72,1,'1900-01-01 00:00:00','2199-12-31 23:59:59','OUT0072',10000000),(73,1,'1900-01-01 00:00:00','2199-12-31 23:59:59','OUT0073',2000000),(74,1,'1900-01-01 00:00:00','2199-12-31 23:59:59','OUT0074',2000000),(75,1,'1900-01-01 00:00:00','2199-12-31 23:59:59','OUT0075',2000000),(76,1,'1900-01-01 00:00:00','2199-12-31 23:59:59','OUT0076',5000000),(77,1,'1900-01-01 00:00:00','2199-12-31 23:59:59','OUT0077',2000000),(78,1,'1900-01-01 00:00:00','2199-12-31 23:59:59','OUT0078',8000000),(79,1,'1900-01-01 00:00:00','2199-12-31 23:59:59','OUT0079',2000000),(80,1,'1900-01-01 00:00:00','2199-12-31 23:59:59','OUT0080',10000000),(81,1,'1900-01-01 00:00:00','2199-12-31 23:59:59','OUT0081',10000000),(82,1,'1900-01-01 00:00:00','2199-12-31 23:59:59','OUT0082',5000000),(83,1,'1900-01-01 00:00:00','2199-12-31 23:59:59','OUT0083',2000000),(84,1,'1900-01-01 00:00:00','2199-12-31 23:59:59','OUT0084',2000000),(85,1,'1900-01-01 00:00:00','2199-12-31 23:59:59','OUT0085',10000000),(86,1,'1900-01-01 00:00:00','2199-12-31 23:59:59','OUT0086',5000000),(87,1,'1900-01-01 00:00:00','2199-12-31 23:59:59','OUT0087',5000000),(88,1,'1900-01-01 00:00:00','2199-12-31 23:59:59','OUT0088',2000000),(89,1,'1900-01-01 00:00:00','2199-12-31 23:59:59','OUT0089',2000000),(90,1,'1900-01-01 00:00:00','2199-12-31 23:59:59','OUT0090',10000000),(91,1,'1900-01-01 00:00:00','2199-12-31 23:59:59','OUT0091',5000000),(92,1,'1900-01-01 00:00:00','2199-12-31 23:59:59','OUT0092',8000000),(93,1,'1900-01-01 00:00:00','2199-12-31 23:59:59','OUT0093',5000000),(94,1,'1900-01-01 00:00:00','2199-12-31 23:59:59','OUT0094',10000000),(95,1,'1900-01-01 00:00:00','2199-12-31 23:59:59','OUT0095',2000000),(96,1,'1900-01-01 00:00:00','2199-12-31 23:59:59','OUT0096',5000000),(97,1,'1900-01-01 00:00:00','2199-12-31 23:59:59','OUT0097',5000000),(98,1,'1900-01-01 00:00:00','2199-12-31 23:59:59','OUT0098',2000000),(99,1,'1900-01-01 00:00:00','2199-12-31 23:59:59','OUT0099',10000000),(100,1,'1900-01-01 00:00:00','2199-12-31 23:59:59','OUT0100',10000000);

/*Table structure for table `pre_fact` */

DROP TABLE IF EXISTS `pre_fact`;

CREATE TABLE `pre_fact` (
  `day` bigint(20) DEFAULT NULL,
  `month` bigint(20) DEFAULT NULL,
  `quarter` bigint(20) DEFAULT NULL,
  `year` bigint(20) DEFAULT NULL,
  `stok` bigint(20) DEFAULT NULL,
  `jumlah` bigint(20) DEFAULT NULL,
  `jumlah pengeluaran` bigint(20) DEFAULT NULL,
  `jumlah kehadiran` bigint(20) DEFAULT NULL,
  `jumlah pemasukan` bigint(20) DEFAULT NULL,
  `saldo` bigint(20) DEFAULT NULL,
  `FK_ITEM` varchar(50) DEFAULT NULL,
  `FK_LOCATION` varchar(10) DEFAULT NULL,
  `FK_PARTICIPANT` varchar(10) DEFAULT NULL,
  `FK_PEMASUKAN` varchar(10) DEFAULT NULL,
  `FK_PENGELUARAN` varchar(10) DEFAULT NULL,
  `FK_DATE` varchar(10) DEFAULT NULL
) ENGINE=InnoDB DEFAULT CHARSET=latin1;

/*Data for the table `pre_fact` */

insert  into `pre_fact`(`day`,`month`,`quarter`,`year`,`stok`,`jumlah`,`jumlah pengeluaran`,`jumlah kehadiran`,`jumlah pemasukan`,`saldo`,`FK_ITEM`,`FK_LOCATION`,`FK_PARTICIPANT`,`FK_PEMASUKAN`,`FK_PENGELUARAN`,`FK_DATE`) values (1,1,1,2018,2,27,5000000,12,5000000,0,'ITEM0001','LOC0001','PRT0001','IN0001','OUT0001','Date0001'),(3,1,1,2018,3,28,10000000,4,15000000,5000000,'ITEM0002','LOC0002','PRT0002','IN0002','OUT0002','Date0002'),(5,1,1,2018,4,25,2000000,6,5000000,3000000,'ITEM0003','LOC0003','PRT0003','IN0003','OUT0003','Date0003'),(7,1,1,2018,5,28,10000000,5,15000000,5000000,'ITEM0004','LOC0004','PRT0004','IN0004','OUT0004','Date0004'),(9,1,1,2018,10,29,8000000,6,10000000,2000000,'ITEM0005','LOC0005','PRT0005','IN0005','OUT0005','Date0005'),(11,1,1,2018,21,27,6000000,8,10000000,4000000,'ITEM0006','LOC0006','PRT0006','IN0006','OUT0006','Date0006'),(13,1,1,2018,6,28,8000000,7,10000000,2000000,'ITEM0007','LOC0007','PRT0007','IN0007','OUT0007','Date0007'),(15,1,1,2018,1,29,10000000,8,10000000,0,'ITEM0008','LOC0008','PRT0008','IN0008','OUT0008','Date0008'),(16,2,1,2018,11,28,10000000,7,10000000,0,'ITEM0009','LOC0009','PRT0009','IN0009','OUT0009','Date0009'),(17,2,1,2018,2,26,10000000,4,10000000,0,'ITEM0010','LOC0010','PRT0010','IN0010','OUT0010','Date0010'),(19,2,1,2018,2,28,5000000,10,5000000,0,'ITEM0011','LOC0011','PRT0011','IN0011','OUT0011','Date0011'),(20,2,1,2018,3,29,8000000,7,10000000,2000000,'ITEM0012','LOC0012','PRT0012','IN0012','OUT0012','Date0012'),(23,2,1,2018,4,29,10000000,8,10000000,0,'ITEM0013','LOC0013','PRT0013','IN0013','OUT0013','Date0013'),(25,2,1,2018,5,26,5000000,7,5000000,0,'ITEM0014','LOC0014','PRT0014','IN0014','OUT0014','Date0014'),(26,2,1,2018,5,30,8000000,9,10000000,2000000,'ITEM0015','LOC0015','PRT0015','IN0015','OUT0015','Date0015'),(27,2,1,2018,10,27,5000000,9,5000000,0,'ITEM0016','LOC0016','PRT0016','IN0016','OUT0016','Date0016'),(2,3,1,2018,21,28,10000000,5,10000000,0,'ITEM0017','LOC0017','PRT0017','IN0017','OUT0017','Date0017'),(5,3,1,2018,6,29,5000000,10,5000000,0,'ITEM0018','LOC0018','PRT0018','IN0018','OUT0018','Date0018'),(7,3,1,2018,1,28,2000000,9,5000000,3000000,'ITEM0019','LOC0019','PRT0019','IN0019','OUT0019','Date0019'),(9,3,1,2018,11,26,2000000,4,5000000,3000000,'ITEM0020','LOC0020','PRT0020','IN0020','OUT0020','Date0020'),(11,3,1,2018,4,28,5000000,6,5000000,0,'ITEM0021','LOC0021','PRT0021','IN0021','OUT0021','Date0021'),(16,3,1,2018,5,28,10000000,5,10000000,0,'ITEM0022','LOC0022','PRT0022','IN0022','OUT0022','Date0022'),(18,3,1,2018,2,29,2000000,6,5000000,3000000,'ITEM0023','LOC0023','PRT0023','IN0023','OUT0023','Date0023'),(19,3,1,2018,3,28,2000000,8,5000000,3000000,'ITEM0024','LOC0024','PRT0024','IN0024','OUT0024','Date0024'),(27,3,1,2018,4,26,5000000,7,5000000,0,'ITEM0025','LOC0025','PRT0025','IN0025','OUT0025','Date0025'),(4,4,2,2018,5,28,2000000,8,5000000,3000000,'ITEM0026','LOC0026','PRT0026','IN0026','OUT0026','Date0026'),(8,4,2,2018,5,29,5000000,6,5000000,0,'ITEM0027','LOC0027','PRT0027','IN0027','OUT0027','Date0027'),(13,4,2,2018,2,29,2000000,12,5000000,3000000,'ITEM0028','LOC0028','PRT0028','IN0028','OUT0028','Date0028'),(16,4,2,2018,3,26,10000000,4,10000000,0,'ITEM0029','LOC0029','PRT0029','IN0029','OUT0029','Date0029'),(19,4,2,2018,3,30,2000000,6,5000000,3000000,'ITEM0030','LOC0030','PRT0030','IN0030','OUT0030','Date0030'),(22,4,2,2018,4,28,10000000,5,10000000,0,'ITEM0031','LOC0031','PRT0031','IN0031','OUT0031','Date0031'),(26,4,2,2018,5,29,8000000,6,10000000,2000000,'ITEM0032','LOC0032','PRT0032','IN0032','OUT0032','Date0032'),(28,4,2,2018,2,29,2000000,8,5000000,3000000,'ITEM0033','LOC0033','PRT0033','IN0033','OUT0033','Date0033'),(2,5,2,2018,3,26,2000000,7,5000000,3000000,'ITEM0034','LOC0034','PRT0034','IN0034','OUT0034','Date0034'),(6,5,2,2018,4,27,12000000,8,15000000,3000000,'ITEM0035','LOC0035','PRT0035','IN0035','OUT0035','Date0035'),(8,5,2,2018,5,28,2000000,7,5000000,3000000,'ITEM0036','LOC0036','PRT0036','IN0036','OUT0036','Date0036'),(14,5,2,2018,3,25,10000000,4,10000000,0,'ITEM0037','LOC0037','PRT0037','IN0037','OUT0037','Date0037'),(18,5,2,2018,4,28,2000000,10,5000000,3000000,'ITEM0038','LOC0038','PRT0038','IN0038','OUT0038','Date0038'),(24,5,2,2018,5,29,2000000,7,5000000,3000000,'ITEM0039','LOC0039','PRT0039','IN0039','OUT0039','Date0039'),(28,5,2,2018,2,27,5000000,8,5000000,0,'ITEM0040','LOC0040','PRT0040','IN0040','OUT0040','Date0040'),(30,5,2,2018,3,28,5000000,7,5000000,0,'ITEM0041','LOC0041','PRT0041','IN0041','OUT0041','Date0041'),(5,6,2,2018,4,29,2000000,9,5000000,3000000,'ITEM0042','LOC0042','PRT0042','IN0042','OUT0042','Date0042'),(10,6,2,2018,3,28,2000000,9,5000000,3000000,'ITEM0043','LOC0043','PRT0043','IN0043','OUT0043','Date0043'),(15,6,2,2018,4,27,2000000,5,5000000,3000000,'ITEM0044','LOC0044','PRT0044','IN0044','OUT0044','Date0044'),(20,6,2,2018,5,28,8000000,10,10000000,2000000,'ITEM0045','LOC0045','PRT0045','IN0045','OUT0045','Date0045'),(25,6,2,2018,4,25,10000000,9,10000000,0,'ITEM0046','LOC0046','PRT0046','IN0046','OUT0046','Date0046'),(27,6,2,2018,5,28,2000000,6,5000000,3000000,'ITEM0047','LOC0047','PRT0047','IN0047','OUT0047','Date0047'),(28,6,2,2018,3,29,10000000,5,10000000,0,'ITEM0048','LOC0048','PRT0048','IN0048','OUT0048','Date0048'),(29,6,2,2018,4,27,2000000,6,5000000,3000000,'ITEM0049','LOC0049','PRT0049','IN0049','OUT0049','Date0049'),(30,6,2,2018,5,28,2000000,8,5000000,3000000,'ITEM0050','LOC0050','PRT0050','IN0050','OUT0050','Date0050'),(1,7,3,2018,2,29,5000000,7,5000000,0,'ITEM0051','LOC0051','PRT0051','IN0051','OUT0051','Date0051'),(3,7,3,2018,3,28,5000000,8,5000000,0,'ITEM0052','LOC0052','PRT0052','IN0052','OUT0052','Date0052'),(7,7,3,2018,4,28,2000000,7,5000000,3000000,'ITEM0053','LOC0053','PRT0053','IN0053','OUT0053','Date0053'),(9,7,3,2018,3,29,5000000,4,5000000,0,'ITEM0054','LOC0054','PRT0054','IN0054','OUT0054','Date0054'),(11,7,3,2018,2,27,8000000,10,10000000,2000000,'ITEM0055','LOC0055','PRT0055','IN0055','OUT0055','Date0055'),(13,7,3,2018,3,28,2000000,7,5000000,3000000,'ITEM0056','LOC0056','PRT0056','IN0056','OUT0056','Date0056'),(16,7,3,2018,4,29,5000000,8,5000000,0,'ITEM0057','LOC0057','PRT0057','IN0057','OUT0057','Date0057'),(19,7,3,2018,5,28,2000000,7,5000000,3000000,'ITEM0058','LOC0058','PRT0058','IN0058','OUT0058','Date0058'),(9,8,3,2018,1,26,10000000,9,10000000,0,'ITEM0059','LOC0059','PRT0059','IN0059','OUT0059','Date0059'),(11,8,3,2018,2,27,2000000,9,5000000,3000000,'ITEM0060','LOC0060','PRT0060','IN0060','OUT0060','Date0060'),(15,8,3,2018,3,28,8000000,5,10000000,2000000,'ITEM0061','LOC0061','PRT0061','IN0061','OUT0061','Date0061'),(17,8,3,2018,2,25,2000000,10,5000000,3000000,'ITEM0062','LOC0062','PRT0062','IN0062','OUT0062','Date0062'),(25,8,3,2018,3,28,5000000,9,5000000,0,'ITEM0063','LOC0063','PRT0063','IN0063','OUT0063','Date0063'),(27,8,3,2018,4,29,10000000,8,10000000,0,'ITEM0064','LOC0064','PRT0064','IN0064','OUT0064','Date0064'),(30,8,3,2018,5,27,2000000,7,5000000,3000000,'ITEM0065','LOC0065','PRT0065','IN0065','OUT0065','Date0065'),(2,9,3,2018,1,28,2000000,8,5000000,3000000,'ITEM0066','LOC0066','PRT0066','IN0066','OUT0066','Date0066'),(4,9,3,2018,2,29,5000000,7,5000000,0,'ITEM0067','LOC0067','PRT0067','IN0067','OUT0067','Date0067'),(8,9,3,2018,5,28,2000000,4,5000000,3000000,'ITEM0068','LOC0068','PRT0068','IN0068','OUT0068','Date0068'),(13,9,3,2018,3,29,10000000,10,10000000,0,'ITEM0069','LOC0069','PRT0069','IN0069','OUT0069','Date0069'),(16,9,3,2018,2,29,2000000,7,5000000,3000000,'ITEM0070','LOC0070','PRT0070','IN0070','OUT0070','Date0070'),(19,9,3,2018,3,26,2000000,8,5000000,3000000,'ITEM0071','LOC0071','PRT0071','IN0071','OUT0071','Date0071'),(21,9,3,2018,4,30,10000000,7,10000000,0,'ITEM0072','LOC0072','PRT0072','IN0072','OUT0072','Date0072'),(24,9,3,2018,5,28,2000000,9,5000000,3000000,'ITEM0073','LOC0073','PRT0073','IN0073','OUT0073','Date0073'),(27,9,3,2018,1,29,2000000,8,5000000,3000000,'ITEM0074','LOC0074','PRT0074','IN0074','OUT0074','Date0074'),(30,9,3,2018,2,28,2000000,9,5000000,3000000,'ITEM0075','LOC0075','PRT0075','IN0075','OUT0075','Date0075'),(2,10,4,2018,4,29,5000000,6,5000000,0,'ITEM0076','LOC0076','PRT0076','IN0076','OUT0076','Date0076'),(4,10,4,2018,5,29,2000000,12,5000000,3000000,'ITEM0077','LOC0077','PRT0077','IN0077','OUT0077','Date0077'),(8,10,4,2018,2,26,8000000,7,10000000,2000000,'ITEM0078','LOC0078','PRT0078','IN0078','OUT0078','Date0078'),(16,10,4,2018,7,30,2000000,4,5000000,3000000,'ITEM0079','LOC0079','PRT0079','IN0079','OUT0079','Date0079'),(17,10,4,2018,3,28,10000000,6,10000000,0,'ITEM0080','LOC0080','PRT0080','IN0080','OUT0080','Date0080'),(19,10,4,2018,5,26,10000000,5,10000000,0,'ITEM0081','LOC0081','PRT0081','IN0081','OUT0081','Date0081'),(21,10,4,2018,2,28,5000000,6,5000000,0,'ITEM0082','LOC0082','PRT0082','IN0082','OUT0082','Date0082'),(23,10,4,2018,7,29,2000000,8,5000000,3000000,'ITEM0083','LOC0083','PRT0083','IN0083','OUT0083','Date0083'),(1,11,4,2018,3,29,2000000,7,5000000,3000000,'ITEM0084','LOC0084','PRT0084','IN0084','OUT0084','Date0084'),(3,11,4,2018,1,28,10000000,8,10000000,0,'ITEM0085','LOC0085','PRT0085','IN0085','OUT0085','Date0085'),(5,11,4,2018,2,29,5000000,7,5000000,0,'ITEM0086','LOC0086','PRT0086','IN0086','OUT0086','Date0086'),(7,11,4,2018,3,28,5000000,4,5000000,0,'ITEM0087','LOC0087','PRT0087','IN0087','OUT0087','Date0087'),(9,11,4,2018,4,29,2000000,10,5000000,3000000,'ITEM0088','LOC0088','PRT0088','IN0088','OUT0088','Date0088'),(11,11,4,2018,5,29,2000000,7,5000000,3000000,'ITEM0089','LOC0089','PRT0089','IN0089','OUT0089','Date0089'),(14,11,4,2018,3,26,10000000,8,10000000,0,'ITEM0090','LOC0090','PRT0090','IN0090','OUT0090','Date0090'),(30,11,4,2018,1,30,5000000,7,5000000,0,'ITEM0091','LOC0091','PRT0091','IN0091','OUT0091','Date0091'),(3,12,4,2018,2,28,8000000,9,10000000,2000000,'ITEM0092','LOC0092','PRT0092','IN0092','OUT0092','Date0092'),(7,12,4,2018,3,29,5000000,9,5000000,0,'ITEM0093','LOC0093','PRT0093','IN0093','OUT0093','Date0093'),(11,12,4,2018,4,28,10000000,5,10000000,0,'ITEM0094','LOC0094','PRT0094','IN0094','OUT0094','Date0094'),(16,12,4,2018,2,26,2000000,10,5000000,3000000,'ITEM0095','LOC0095','PRT0095','IN0095','OUT0095','Date0095'),(21,12,4,2018,3,28,5000000,9,5000000,0,'ITEM0096','LOC0096','PRT0096','IN0096','OUT0096','Date0096'),(24,12,4,2018,4,29,5000000,4,5000000,0,'ITEM0097','LOC0097','PRT0097','IN0097','OUT0097','Date0097'),(27,12,4,2018,5,28,2000000,9,5000000,3000000,'ITEM0098','LOC0098','PRT0098','IN0098','OUT0098','Date0098'),(28,12,4,2018,7,26,10000000,7,10000000,0,'ITEM0099','LOC0099','PRT0099','IN0099','OUT0099','Date0099'),(30,12,4,2018,8,28,10000000,6,10000000,0,'ITEM0100','LOC0100','PRT0100','IN0100','OUT0100','Date0100');

/*Table structure for table `stg_item` */

DROP TABLE IF EXISTS `stg_item`;

CREATE TABLE `stg_item` (
  `id item` varchar(8) DEFAULT NULL,
  `nama item` varchar(45) DEFAULT NULL,
  `stok` bigint(20) DEFAULT NULL
) ENGINE=InnoDB DEFAULT CHARSET=latin1;

/*Data for the table `stg_item` */

insert  into `stg_item`(`id item`,`nama item`,`stok`) values ('ITEM0001','Sapu Lidi, Sapu Lawa-lawa, Kain Pel, Kemoceng',2),('ITEM0002','Speaker kecil, gitar, tagading',3),('ITEM0003','uang tunai, kartu atm, hand phone',4),('ITEM0004','mobil, kunci, motor',5),('ITEM0005','piala, piagam, hadiah, spanduk',10),('ITEM0006','Speaker kecil, gitar, tagading',21),('ITEM0007','uang tunai, kartu atm, hand phone',6),('ITEM0008','bola, net, catur, pompa, peluit, kok',1),('ITEM0009','kamera, speaker, laptop, printer',11),('ITEM0010','bendera, stempel, jam dinding, gooddie bag',2),('ITEM0011','buku PCA, sticker, kotak P3K, karpet',2),('ITEM0012','piala, piagam, hadiah, spanduk',3),('ITEM0013','mobil, kunci, motor',4),('ITEM0014','bendera, stempel, jam dinding, gooddie bag',5),('ITEM0015','Sapu Lidi, Sapu Lawa-lawa, Kain Pel, Kemoceng',5),('ITEM0016','bola, net, catur, pompa, peluit, kok',10),('ITEM0017','tinta, stempel, tablet, tali plastik',21),('ITEM0018','piala, piagam, hadiah, spanduk',6),('ITEM0019','buku PCA, sticker, kotak P3K, karpet',1),('ITEM0020','mobil, kunci, motor',11),('ITEM0021','uang tunai, kartu atm, hand phone',4),('ITEM0022','piala, piagam, hadiah, spanduk',5),('ITEM0023','tinta, stempel, tablet, tali plastik',2),('ITEM0024','bendera, stempel, jam dinding, gooddie bag',3),('ITEM0025','Speaker kecil, gitar, tagading',4),('ITEM0026','bola, net, catur, pompa, peluit, kok',5),('ITEM0027','buku PCA, sticker, kotak P3K, karpet',5),('ITEM0028','mobil, kunci, motor',2),('ITEM0029','uang tunai, kartu atm, hand phone',3),('ITEM0030','gunting, palet, kuas, spidol, kertas',3),('ITEM0031','Sapu Lidi, Sapu Lawa-lawa, Kain Pel, Kemoceng',4),('ITEM0032','gunting, palet, kuas, spidol, kertas',5),('ITEM0033','uang tunai, kartu atm, hand phone',2),('ITEM0034','piala, piagam, hadiah, spanduk',3),('ITEM0035','bendera, stempel, jam dinding, gooddie bag',4),('ITEM0036','buku PCA, sticker, kotak P3K, karpet',5),('ITEM0037','Speaker kecil, gitar, tagading',3),('ITEM0038','tinta, stempel, tablet, tali plastik',4),('ITEM0039','bola, net, catur, pompa, peluit, kok',5),('ITEM0040','mobil, kunci, motor',2),('ITEM0041','tinta, stempel, tablet, tali plastik',3),('ITEM0042','buku PCA, sticker, kotak P3K, karpet',4),('ITEM0043','kamera, speaker, laptop, printer',3),('ITEM0044','gunting, palet, kuas, spidol, kertas',4),('ITEM0045','uang tunai, kartu atm, hand phone',5),('ITEM0046','bendera, stempel, jam dinding, gooddie bag',4),('ITEM0047','piala, piagam, hadiah, spanduk',5),('ITEM0048','mobil, kunci, motor',3),('ITEM0049','tinta, stempel, tablet, tali plastik',4),('ITEM0050','buku PCA, sticker, kotak P3K, karpet',5),('ITEM0051','piala, piagam, hadiah, spanduk',2),('ITEM0052','Speaker kecil, gitar, tagading',3),('ITEM0053','bola, net, catur, pompa, peluit, kok',4),('ITEM0054','uang tunai, kartu atm, hand phone',3),('ITEM0055','bendera, stempel, jam dinding, gooddie bag',2),('ITEM0056','kamera, speaker, laptop, printer',3),('ITEM0057','gunting, palet, kuas, spidol, kertas',4),('ITEM0058','bola, net, catur, pompa, peluit, kok',5),('ITEM0059','piala, piagam, hadiah, spanduk',1),('ITEM0060','mobil, kunci, motor',2),('ITEM0061','buku PCA, sticker, kotak P3K, karpet',3),('ITEM0062','uang tunai, kartu atm, hand phone',2),('ITEM0063','bendera, stempel, jam dinding, gooddie bag',3),('ITEM0064','kamera, speaker, laptop, printer',4),('ITEM0065','tinta, stempel, tablet, tali plastik',5),('ITEM0066','uang tunai, kartu atm, hand phone',1),('ITEM0067','gunting, palet, kuas, spidol, kertas',2),('ITEM0068','Speaker kecil, gitar, tagading',5),('ITEM0069','bola, net, catur, pompa, peluit, kok',3),('ITEM0070','uang tunai, kartu atm, hand phone',2),('ITEM0071','mobil, kunci, motor',3),('ITEM0072','bendera, stempel, jam dinding, gooddie bag',4),('ITEM0073','Sapu Lidi, Sapu Lawa-lawa, Kain Pel, Kemoceng',5),('ITEM0074','buku PCA, sticker, kotak P3K, karpet',1),('ITEM0075','uang tunai, kartu atm, hand phone',2),('ITEM0076','mobil, kunci, motor',4),('ITEM0077','gunting, palet, kuas, spidol, kertas',5),('ITEM0078','kamera, speaker, laptop, printer',2),('ITEM0079','bendera, stempel, jam dinding, gooddie bag',7),('ITEM0080','mobil, kunci, motor',3),('ITEM0081','tinta, stempel, tablet, tali plastik',5),('ITEM0082','piala, piagam, hadiah, spanduk',2),('ITEM0083','Speaker kecil, gitar, tagading',7),('ITEM0084','bendera, stempel, jam dinding, gooddie bag',3),('ITEM0085','bola, net, catur, pompa, peluit, kok',1),('ITEM0086','kamera, speaker, laptop, printer',2),('ITEM0087','buku PCA, sticker, kotak P3K, karpet',3),('ITEM0088','piala, piagam, hadiah, spanduk',4),('ITEM0089','uang tunai, kartu atm, hand phone',5),('ITEM0090','tinta, stempel, tablet, tali plastik',3),('ITEM0091','Sapu Lidi, Sapu Lawa-lawa, Kain Pel, Kemoceng',1),('ITEM0092','bendera, stempel, jam dinding, gooddie bag',2),('ITEM0093','kamera, speaker, laptop, printer',3),('ITEM0094','buku PCA, sticker, kotak P3K, karpet',4),('ITEM0095','bendera, stempel, jam dinding, gooddie bag',2),('ITEM0096','piala, piagam, hadiah, spanduk',3),('ITEM0097','bola, net, catur, pompa, peluit, kok',4),('ITEM0098','kamera, speaker, laptop, printer',5),('ITEM0099','piala, piagam, hadiah, spanduk',7),('ITEM0100','Speaker kecil, gitar, tagading',8);

/*Table structure for table `stg_lokasi` */

DROP TABLE IF EXISTS `stg_lokasi`;

CREATE TABLE `stg_lokasi` (
  `id location` varchar(7) DEFAULT NULL,
  `alamat` varchar(36) DEFAULT NULL,
  `city` varchar(12) DEFAULT NULL,
  `provinsi` varchar(16) DEFAULT NULL,
  `country` varchar(9) DEFAULT NULL
) ENGINE=InnoDB DEFAULT CHARSET=latin1;

/*Data for the table `stg_lokasi` */

insert  into `stg_lokasi`(`id location`,`alamat`,`city`,`provinsi`,`country`) values ('LOC0001','USU gd ILKOM','Medan','Sumatera Utara','Indonesia'),('LOC0002','UNSYAH gd 2','Aceh','Banda Aceh','Indonesia'),('LOC0003','Institut Teknologi Del gd 9','Toba Samosir','Sumatera Utara','Indonesia'),('LOC0004','institut Teknologi Bandung gd 3 lt 4','Bandung','Jawa Barat','Indonesia'),('LOC0005','UNIB gd 7 lt 3','Bengkulu','Bengkulu','Indonesia'),('LOC0006','UNDALAS gd 9 lt 2','Padang','Sumatera Barat','Indonesia'),('LOC0007','UNSRI gd 4 lt 1','Palembang','Sumatera Selatan','Indonesia'),('LOC0008','ITS gd 7 lt 4','Surabaya','Jawa Timur','Indonesia'),('LOC0009','UIN Sultan Maulana ','Serang','Banten','Indonesia'),('LOC0010','UNDIP gd 5 lt 4','Semarang','Jawa Tengah','Indonesia'),('LOC0011','UNIMED gd 7 lt 2','Medan','Sumatera Utara','Indonesia'),('LOC0012','UNIB gd 7 lt 3','Bengkulu','Bengkulu','Indonesia'),('LOC0013','UNJ gd 7 lt 9','Jakarta','DKI Jakarta','Indonesia'),('LOC0014','ITM GD 1 lt 1','Medan','Sumatera Utara','Indonesia'),('LOC0015','UNIB gd 7 lt 4','Bengkulu','Bengkulu','Indonesia'),('LOC0016','USU gd ILKOM','Medan','Sumatera Utara','Indonesia'),('LOC0017','UNJ gd 7 lt 9','Jakarta','DKI Jakarta','Indonesia'),('LOC0018','USU gd ILKOM','Medan','Sumatera Utara','Indonesia'),('LOC0019','Auditorium IT DEL ','Toba Samosir','Sumatera Utara','Indonesia'),('LOC0020','GSG IT DEL','Toba Samosir','Sumatera Utara','Indonesia'),('LOC0021','POLMED gd 2 lt 2','Medan','Sumatera Utara','Indonesia'),('LOC0022','UI ILKOM','Depok','Jawa Barat','Indonesia'),('LOC0023','GSG IT DEL','Toba Samosir','Sumatera Utara','Indonesia'),('LOC0024','Auditorium IT DEL ','Toba Samosir','Sumatera Utara','Indonesia'),('LOC0025','POLMED gd 2 lt 2','Medan','Sumatera Utara','Indonesia'),('LOC0026','OT IT DEL','Toba Samosir','Sumatera Utara','Indonesia'),('LOC0027','USU gd ILKOM','Medan','Sumatera Utara','Indonesia'),('LOC0028','EH IT DEL','Toba Samosir','Sumatera Utara','Indonesia'),('LOC0029','UNDIP ILKOM','Semarang','Jawa Tengah','Indonesia'),('LOC0030','OT IT DEL','Toba Samosir','Sumatera Utara','Indonesia'),('LOC0031','POLTEK NEGERI JAKARTA','Jakarta','DKI Jakarta','Indonesia'),('LOC0032','UNIB gd 7 lt 4','Bengkulu','Bengkulu','Indonesia'),('LOC0033','Auditorium IT DEL ','Toba Samosir','Sumatera Utara','Indonesia'),('LOC0034','Auditorium IT DEL ','Toba Samosir','Sumatera Utara','Indonesia'),('LOC0035','UDAYANA ILKOM','Bali','Denpasar','Indonesia'),('LOC0036','Auditorium IT DEL ','Toba Samosir','Sumatera Utara','Indonesia'),('LOC0037','POLTEK NEGERI SEMARANG','Semarang','Jawa Tengah','Indonesia'),('LOC0038','GSG IT DEL','Toba Samosir','Sumatera Utara','Indonesia'),('LOC0039','Auditorium IT DEL ','Toba Samosir','Sumatera Utara','Indonesia'),('LOC0040','USU gd ILKOM','Medan','Sumatera Utara','Indonesia'),('LOC0041','POLMED gd 2 lt 2','Medan','Sumatera Utara','Indonesia'),('LOC0042','GSG IT DEL','Toba Samosir','Sumatera Utara','Indonesia'),('LOC0043','OT IT DEL','Toba Samosir','Sumatera Utara','Indonesia'),('LOC0044','Auditorium IT DEL ','Toba Samosir','Sumatera Utara','Indonesia'),('LOC0045','UNIB gd 7 lt 3','Bengkulu','Bengkulu','Indonesia'),('LOC0046','UNJ Teknik Industri','Jakarta','DKI Jakarta','Indonesia'),('LOC0047','Auditorium IT DEL ','Toba Samosir','Sumatera Utara','Indonesia'),('LOC0048','UNIV VETERAN  Jakarta','Jakarta','DKI Jakarta','Indonesia'),('LOC0049','OT IT DEL','Toba Samosir','Sumatera Utara','Indonesia'),('LOC0050','GSG IT DEL','Toba Samosir','Sumatera Utara','Indonesia'),('LOC0051','USU ILKOM','Medan','Sumatera Utara','Indonesia'),('LOC0052','POLTEK NEGERI MEDAN','Medan','Sumatera Utara','Indonesia'),('LOC0053','GSG IT DEL','Toba Samosir','Sumatera Utara','Indonesia'),('LOC0054','USU gd ILKOM','Medan','Sumatera Utara','Indonesia'),('LOC0055','UNSRI gd 4 lt 1','Palembang','Sumatera Selatan','Indonesia'),('LOC0056','GSG IT DEL','Toba Samosir','Sumatera Utara','Indonesia'),('LOC0057','POLMED gd 2 lt 2','Medan','Sumatera Utara','Indonesia'),('LOC0058','OT IT DEL','Toba Samosir','Sumatera Utara','Indonesia'),('LOC0059','POLTEKES JAKARTA','Jakarta','DKI Jakarta','Indonesia'),('LOC0060','Auditorium IT DEL ','Toba Samosir','Sumatera Utara','Indonesia'),('LOC0061','UNIB gd 7 lt 3','Bengkulu','Bengkulu','Indonesia'),('LOC0062','GSG IT DEL','Toba Samosir','Sumatera Utara','Indonesia'),('LOC0063','USU ILKOM','Medan','Sumatera Utara','Indonesia'),('LOC0064','UNDIP ILKOM','Semarang','Jawa Tengah','Indonesia'),('LOC0065','GSG IT DEL','Toba Samosir','Sumatera Utara','Indonesia'),('LOC0066','OT IT DEL','Toba Samosir','Sumatera Utara','Indonesia'),('LOC0067','USU gd ILKOM','Medan','Sumatera Utara','Indonesia'),('LOC0068','GSG IT DEL','Toba Samosir','Sumatera Utara','Indonesia'),('LOC0069','POLTEK NEGERI JAKARTA','Jakarta','DKI Jakarta','Indonesia'),('LOC0070','GSG IT DEL','Toba Samosir','Sumatera Utara','Indonesia'),('LOC0071','Auditorium IT DEL ','Toba Samosir','Sumatera Utara','Indonesia'),('LOC0072','UNS  gd 5 lt 6','Semarang','Jawa Tengah','Indonesia'),('LOC0073','IT Del gd 5 ','Toba Samosir','Sumatera Utara','Indonesia'),('LOC0074','GSG IT DEL','Toba Samosir','Sumatera Utara','Indonesia'),('LOC0075','OT IT DEL','Toba Samosir','Sumatera Utara','Indonesia'),('LOC0076','POLMED gd 2 lt 2','Medan','Sumatera Utara','Indonesia'),('LOC0077','GSG IT DEL','Toba Samosir','Sumatera Utara','Indonesia'),('LOC0078','UNIV LAMPUNG','Lampung','Lampung','Indonesia'),('LOC0079','Auditorium IT DEL ','Toba Samosir','Sumatera Utara','Indonesia'),('LOC0080','POLTEK NEGERI SEMARANG','Semarang','Jawa Tengah','Indonesia'),('LOC0081','POLTEK NEGERI JAKARTA','Jakarta','DKI Jakarta','Indonesia'),('LOC0082','POLMED gd 2 lt 2','Medan','Sumatera Utara','Indonesia'),('LOC0083','OT IT DEL','Toba Samosir','Sumatera Utara','Indonesia'),('LOC0084','GSG IT DEL','Toba Samosir','Sumatera Utara','Indonesia'),('LOC0085','UNJ gd 2 lt 9','Jakarta','DKI Jakarta','Indonesia'),('LOC0086','USU gd Teknik Industri','Medan','Sumatera Utara','Indonesia'),('LOC0087','USU gd ILKOM','Medan','Sumatera Utara','Indonesia'),('LOC0088','GSG IT DEL','Toba Samosir','Sumatera Utara','Indonesia'),('LOC0089','Auditorium IT DEL ','Toba Samosir','Sumatera Utara','Indonesia'),('LOC0090','UNDIP gd 5 lt 5','Semarang','Jawa Tengah','Indonesia'),('LOC0091','USU gd ILKOM','Medan','Sumatera Utara','Indonesia'),('LOC0092','UNIV JAMBI ','Jambi','Jambi','Indonesia'),('LOC0093','POLMED gd 2 lt 2','Medan','Sumatera Utara','Indonesia'),('LOC0094','UNJ gd 7 lt 9','Jakarta','DKI Jakarta','Indonesia'),('LOC0095','GSG IT DEL','Toba Samosir','Sumatera Utara','Indonesia'),('LOC0096','UNIMED gd 7 lt 1','Medan','Sumatera Utara','Indonesia'),('LOC0097','USU gd ILKOM','Medan','Sumatera Utara','Indonesia'),('LOC0098','Auditorium IT DEL ','Toba Samosir','Sumatera Utara','Indonesia'),('LOC0099','POLTEKES JAKARTA','Jakarta','DKI Jakarta','Indonesia'),('LOC0100','UNDIP gd 5 lt 4','Semarang','Jawa Tengah','Indonesia');

/*Table structure for table `stg_participant` */

DROP TABLE IF EXISTS `stg_participant`;

CREATE TABLE `stg_participant` (
  `id participant` varchar(7) DEFAULT NULL,
  `prodi` varchar(21) DEFAULT NULL,
  `kelas` varchar(6) DEFAULT NULL,
  `jumlah` bigint(20) DEFAULT NULL
) ENGINE=InnoDB DEFAULT CHARSET=latin1;

/*Data for the table `stg_participant` */

insert  into `stg_participant`(`id participant`,`prodi`,`kelas`,`jumlah`) values ('PRT0001','S1 Sistem Informasi','11SI1',27),('PRT0002','S1 Sistem Informasi','11SI2',28),('PRT0003','S1 Teknik Informatika','11TI1',25),('PRT0004','S1 Teknik Informatika','11TI2',28),('PRT0005','S1 Teknik Elektro','11TE1',29),('PRT0006','S1 Teknik Elektro','11TE2',27),('PRT0007','S1 Teknik Bioproses','11TB',28),('PRT0008','S1 Manajemen Rekayasa','11MR',29),('PRT0009','S1 Manajemen Rekayasa','11MR',28),('PRT0010','D4 Teknik Informatika','41TI1',26),('PRT0011','D4 Teknik Informatika','41TI2',28),('PRT0012','D3 Teknik Informatika','31TI1',29),('PRT0013','D3 Teknik Informatika','31TI2',29),('PRT0014','D3 Teknik Komputer','31TK1',26),('PRT0015','D3 Teknik Komputer','31TK2',30),('PRT0016','S1 Sistem Informasi','12SI1',27),('PRT0017','S1 Sistem Informasi','12SI2',28),('PRT0018','S1 Teknik Informatika','12TI1',29),('PRT0019','S1 Teknik Informatika','12TI2',28),('PRT0020','S1 Teknik Elektro','12TE1',26),('PRT0021','S1 Teknik Elektro','12TE2',28),('PRT0022','S1 Teknik Bioproses','12TB',28),('PRT0023','S1 Manajemen Rekayasa','12MR1',29),('PRT0024','S1 Manajemen Rekayasa','12MR2',28),('PRT0025','D4 Teknik Informatika','42TI1',26),('PRT0026','D4 Teknik Informatika','42TI2',28),('PRT0027','D3 Teknik Informatika','32TI1',29),('PRT0028','D3 Teknik Informatika','32TI2',29),('PRT0029','D3 Teknik Komputer','32TK1',26),('PRT0030','D3 Teknik Komputer','32TK2',30),('PRT0031','S1 Sistem Informasi','13SI1',28),('PRT0032','S1 Sistem Informasi','13SI2',29),('PRT0033','S1 Teknik Informatika','13TI1',29),('PRT0034','S1 Teknik Informatika','13TI2',26),('PRT0035','S1 Teknik Elektro','13TE1',27),('PRT0036','S1 Teknik Elektro','13TE2',28),('PRT0037','S1 Teknik Bioproses','13TB',25),('PRT0038','S1 Manajemen Rekayasa','13MR1',28),('PRT0039','S1 Manajemen Rekayasa','13MR2',29),('PRT0040','D4 Teknik Informatika','43TI1',27),('PRT0041','D4 Teknik Informatika','43TI2',28),('PRT0042','D3 Teknik Informatika','33TI1',29),('PRT0043','D3 Teknik Informatika','33TI2',28),('PRT0044','D3 Teknik Komputer','33TK1',27),('PRT0045','D3 Teknik Komputer','33TK2',28),('PRT0046','S1 Sistem Informasi','14SI1',25),('PRT0047','S1 Sistem Informasi','14SI2',28),('PRT0048','S1 Teknik Informatika','14TI1',29),('PRT0049','S1 Teknik Informatika','14TI2',27),('PRT0050','S1 Teknik Elektro','14TE1',28),('PRT0051','S1 Teknik Elektro','14TE2',29),('PRT0052','S1 Teknik Bioproses','14TB',28),('PRT0053','S1 Manajemen Rekayasa','14MR1',28),('PRT0054','S1 Manajemen Rekayasa','14MR2',29),('PRT0055','D4 Teknik Informatika','44TI1',27),('PRT0056','D4 Teknik Informatika','44TI2',28),('PRT0057','D3 Teknik Informatika','34TI1',29),('PRT0058','D3 Teknik Informatika','34TI2',28),('PRT0059','D3 Teknik Komputer','34TK1',26),('PRT0060','D3 Teknik Komputer','34TK2',27),('PRT0061','S1 Sistem Informasi','11SI1',28),('PRT0062','S1 Sistem Informasi','11SI2',25),('PRT0063','S1 Teknik Informatika','11TI1',28),('PRT0064','S1 Teknik Informatika','11TI2',29),('PRT0065','S1 Teknik Elektro','11TE1',27),('PRT0066','S1 Teknik Elektro','11TE2',28),('PRT0067','S1 Teknik Bioproses','11TB',29),('PRT0068','S1 Manajemen Rekayasa','11MR',28),('PRT0069','S1 Manajemen Rekayasa','11MR',29),('PRT0070','D4 Teknik Informatika','41TI1',29),('PRT0071','D4 Teknik Informatika','41TI2',26),('PRT0072','D3 Teknik Informatika','31TI1',30),('PRT0073','D3 Teknik Informatika','31TI2',28),('PRT0074','D3 Teknik Komputer','31TK1',29),('PRT0075','D3 Teknik Komputer','31TK2',28),('PRT0076','S1 Sistem Informasi','12SI1',29),('PRT0077','S1 Sistem Informasi','12SI2',29),('PRT0078','S1 Teknik Informatika','12TI1',26),('PRT0079','S1 Teknik Informatika','12TI2',30),('PRT0080','S1 Teknik Elektro','12TE1',28),('PRT0081','S1 Teknik Elektro','12TE2',26),('PRT0082','S1 Teknik Bioproses','12TB',28),('PRT0083','S1 Manajemen Rekayasa','12MR1',29),('PRT0084','S1 Manajemen Rekayasa','12MR12',29),('PRT0085','D4 Teknik Informatika','42TI1',28),('PRT0086','D4 Teknik Informatika','42TI2',29),('PRT0087','D3 Teknik Informatika','32TI1',28),('PRT0088','D3 Teknik Informatika','32TI2',29),('PRT0089','D3 Teknik Komputer','32TK1',29),('PRT0090','D3 Teknik Komputer','32TK2',26),('PRT0091','S1 Sistem Informasi','13SI1',30),('PRT0092','S1 Sistem Informasi','13SI2',28),('PRT0093','S1 Teknik Informatika','13TI1',29),('PRT0094','S1 Teknik Informatika','13TI2',28),('PRT0095','S1 Teknik Elektro','13TE1',26),('PRT0096','S1 Teknik Elektro','13TE2',28),('PRT0097','S1 Teknik Bioproses','13TB',29),('PRT0098','S1 Manajemen Rekayasa','13MR',28),('PRT0099','S1 Manajemen Rekayasa','13MR',26),('PRT0100','D4 Teknik Informatika','43TI1',28);

/*Table structure for table `stg_pemasukan` */

DROP TABLE IF EXISTS `stg_pemasukan`;

CREATE TABLE `stg_pemasukan` (
  `id pemasukan` varchar(6) DEFAULT NULL,
  `jumlah pemasukan` bigint(20) DEFAULT NULL
) ENGINE=InnoDB DEFAULT CHARSET=latin1;

/*Data for the table `stg_pemasukan` */

insert  into `stg_pemasukan`(`id pemasukan`,`jumlah pemasukan`) values ('IN0001',5000000),('IN0002',15000000),('IN0003',5000000),('IN0004',15000000),('IN0005',10000000),('IN0006',10000000),('IN0007',10000000),('IN0008',10000000),('IN0009',10000000),('IN0010',10000000),('IN0011',5000000),('IN0012',10000000),('IN0013',10000000),('IN0014',5000000),('IN0015',10000000),('IN0016',5000000),('IN0017',10000000),('IN0018',5000000),('IN0019',5000000),('IN0020',5000000),('IN0021',5000000),('IN0022',10000000),('IN0023',5000000),('IN0024',5000000),('IN0025',5000000),('IN0026',5000000),('IN0027',5000000),('IN0028',5000000),('IN0029',10000000),('IN0030',5000000),('IN0031',10000000),('IN0032',10000000),('IN0033',5000000),('IN0034',5000000),('IN0035',15000000),('IN0036',5000000),('IN0037',10000000),('IN0038',5000000),('IN0039',5000000),('IN0040',5000000),('IN0041',5000000),('IN0042',5000000),('IN0043',5000000),('IN0044',5000000),('IN0045',10000000),('IN0046',10000000),('IN0047',5000000),('IN0048',10000000),('IN0049',5000000),('IN0050',5000000),('IN0051',5000000),('IN0052',5000000),('IN0053',5000000),('IN0054',5000000),('IN0055',10000000),('IN0056',5000000),('IN0057',5000000),('IN0058',5000000),('IN0059',10000000),('IN0060',5000000),('IN0061',10000000),('IN0062',5000000),('IN0063',5000000),('IN0064',10000000),('IN0065',5000000),('IN0066',5000000),('IN0067',5000000),('IN0068',5000000),('IN0069',10000000),('IN0070',5000000),('IN0071',5000000),('IN0072',10000000),('IN0073',5000000),('IN0074',5000000),('IN0075',5000000),('IN0076',5000000),('IN0077',5000000),('IN0078',10000000),('IN0079',5000000),('IN0080',10000000),('IN0081',10000000),('IN0082',5000000),('IN0083',5000000),('IN0084',5000000),('IN0085',10000000),('IN0086',5000000),('IN0087',5000000),('IN0088',5000000),('IN0089',5000000),('IN0090',10000000),('IN0091',5000000),('IN0092',10000000),('IN0093',5000000),('IN0094',10000000),('IN0095',5000000),('IN0096',5000000),('IN0097',5000000),('IN0098',5000000),('IN0099',10000000),('IN0100',10000000);

/*Table structure for table `stg_pengeluaran` */

DROP TABLE IF EXISTS `stg_pengeluaran`;

CREATE TABLE `stg_pengeluaran` (
  `id pengeluaran` varchar(7) DEFAULT NULL,
  `jumlah pengeluaran` bigint(20) DEFAULT NULL
) ENGINE=InnoDB DEFAULT CHARSET=latin1;

/*Data for the table `stg_pengeluaran` */

insert  into `stg_pengeluaran`(`id pengeluaran`,`jumlah pengeluaran`) values ('OUT0001',5000000),('OUT0002',10000000),('OUT0003',2000000),('OUT0004',10000000),('OUT0005',8000000),('OUT0006',6000000),('OUT0007',8000000),('OUT0008',10000000),('OUT0009',10000000),('OUT0010',10000000),('OUT0011',5000000),('OUT0012',8000000),('OUT0013',10000000),('OUT0014',5000000),('OUT0015',8000000),('OUT0016',5000000),('OUT0017',10000000),('OUT0018',5000000),('OUT0019',2000000),('OUT0020',2000000),('OUT0021',5000000),('OUT0022',10000000),('OUT0023',2000000),('OUT0024',2000000),('OUT0025',5000000),('OUT0026',2000000),('OUT0027',5000000),('OUT0028',2000000),('OUT0029',10000000),('OUT0030',2000000),('OUT0031',10000000),('OUT0032',8000000),('OUT0033',2000000),('OUT0034',2000000),('OUT0035',12000000),('OUT0036',2000000),('OUT0037',10000000),('OUT0038',2000000),('OUT0039',2000000),('OUT0040',5000000),('OUT0041',5000000),('OUT0042',2000000),('OUT0043',2000000),('OUT0044',2000000),('OUT0045',8000000),('OUT0046',10000000),('OUT0047',2000000),('OUT0048',10000000),('OUT0049',2000000),('OUT0050',2000000),('OUT0051',5000000),('OUT0052',5000000),('OUT0053',2000000),('OUT0054',5000000),('OUT0055',8000000),('OUT0056',2000000),('OUT0057',5000000),('OUT0058',2000000),('OUT0059',10000000),('OUT0060',2000000),('OUT0061',8000000),('OUT0062',2000000),('OUT0063',5000000),('OUT0064',10000000),('OUT0065',2000000),('OUT0066',2000000),('OUT0067',5000000),('OUT0068',2000000),('OUT0069',10000000),('OUT0070',2000000),('OUT0071',2000000),('OUT0072',10000000),('OUT0073',2000000),('OUT0074',2000000),('OUT0075',2000000),('OUT0076',5000000),('OUT0077',2000000),('OUT0078',8000000),('OUT0079',2000000),('OUT0080',10000000),('OUT0081',10000000),('OUT0082',5000000),('OUT0083',2000000),('OUT0084',2000000),('OUT0085',10000000),('OUT0086',5000000),('OUT0087',5000000),('OUT0088',2000000),('OUT0089',2000000),('OUT0090',10000000),('OUT0091',5000000),('OUT0092',8000000),('OUT0093',5000000),('OUT0094',10000000),('OUT0095',2000000),('OUT0096',5000000),('OUT0097',5000000),('OUT0098',2000000),('OUT0099',10000000),('OUT0100',10000000);

/*Table structure for table `stg_values` */

DROP TABLE IF EXISTS `stg_values`;

CREATE TABLE `stg_values` (
  `id date` varchar(8) DEFAULT NULL,
  `day` bigint(20) DEFAULT NULL,
  `month` bigint(20) DEFAULT NULL,
  `quarter` bigint(20) DEFAULT NULL,
  `year` bigint(20) DEFAULT NULL,
  `id item` varchar(8) DEFAULT NULL,
  `stok` bigint(20) DEFAULT NULL,
  `id participant` varchar(7) DEFAULT NULL,
  `jumlah` bigint(20) DEFAULT NULL,
  `id location` varchar(7) DEFAULT NULL,
  `id pengeluaran` varchar(7) DEFAULT NULL,
  `jumlah pengeluaran` bigint(20) DEFAULT NULL,
  `id pemasukan` varchar(6) DEFAULT NULL,
  `jumlah kehadiran` bigint(20) DEFAULT NULL,
  `jumlah pemasukan` bigint(20) DEFAULT NULL,
  `saldo` bigint(20) DEFAULT NULL
) ENGINE=InnoDB DEFAULT CHARSET=latin1;

/*Data for the table `stg_values` */

insert  into `stg_values`(`id date`,`day`,`month`,`quarter`,`year`,`id item`,`stok`,`id participant`,`jumlah`,`id location`,`id pengeluaran`,`jumlah pengeluaran`,`id pemasukan`,`jumlah kehadiran`,`jumlah pemasukan`,`saldo`) values ('Date0001',1,1,1,2018,'ITEM0001',2,'PRT0001',27,'LOC0001','OUT0001',5000000,'IN0001',12,5000000,0),('Date0002',3,1,1,2018,'ITEM0002',3,'PRT0002',28,'LOC0002','OUT0002',10000000,'IN0002',4,15000000,5000000),('Date0003',5,1,1,2018,'ITEM0003',4,'PRT0003',25,'LOC0003','OUT0003',2000000,'IN0003',6,5000000,3000000),('Date0004',7,1,1,2018,'ITEM0004',5,'PRT0004',28,'LOC0004','OUT0004',10000000,'IN0004',5,15000000,5000000),('Date0005',9,1,1,2018,'ITEM0005',10,'PRT0005',29,'LOC0005','OUT0005',8000000,'IN0005',6,10000000,2000000),('Date0006',11,1,1,2018,'ITEM0006',21,'PRT0006',27,'LOC0006','OUT0006',6000000,'IN0006',8,10000000,4000000),('Date0007',13,1,1,2018,'ITEM0007',6,'PRT0007',28,'LOC0007','OUT0007',8000000,'IN0007',7,10000000,2000000),('Date0008',15,1,1,2018,'ITEM0008',1,'PRT0008',29,'LOC0008','OUT0008',10000000,'IN0008',8,10000000,0),('Date0009',16,2,1,2018,'ITEM0009',11,'PRT0009',28,'LOC0009','OUT0009',10000000,'IN0009',7,10000000,0),('Date0010',17,2,1,2018,'ITEM0010',2,'PRT0010',26,'LOC0010','OUT0010',10000000,'IN0010',4,10000000,0),('Date0011',19,2,1,2018,'ITEM0011',2,'PRT0011',28,'LOC0011','OUT0011',5000000,'IN0011',10,5000000,0),('Date0012',20,2,1,2018,'ITEM0012',3,'PRT0012',29,'LOC0012','OUT0012',8000000,'IN0012',7,10000000,2000000),('Date0013',23,2,1,2018,'ITEM0013',4,'PRT0013',29,'LOC0013','OUT0013',10000000,'IN0013',8,10000000,0),('Date0014',25,2,1,2018,'ITEM0014',5,'PRT0014',26,'LOC0014','OUT0014',5000000,'IN0014',7,5000000,0),('Date0015',26,2,1,2018,'ITEM0015',5,'PRT0015',30,'LOC0015','OUT0015',8000000,'IN0015',9,10000000,2000000),('Date0016',27,2,1,2018,'ITEM0016',10,'PRT0016',27,'LOC0016','OUT0016',5000000,'IN0016',9,5000000,0),('Date0017',2,3,1,2018,'ITEM0017',21,'PRT0017',28,'LOC0017','OUT0017',10000000,'IN0017',5,10000000,0),('Date0018',5,3,1,2018,'ITEM0018',6,'PRT0018',29,'LOC0018','OUT0018',5000000,'IN0018',10,5000000,0),('Date0019',7,3,1,2018,'ITEM0019',1,'PRT0019',28,'LOC0019','OUT0019',2000000,'IN0019',9,5000000,3000000),('Date0020',9,3,1,2018,'ITEM0020',11,'PRT0020',26,'LOC0020','OUT0020',2000000,'IN0020',4,5000000,3000000),('Date0021',11,3,1,2018,'ITEM0021',4,'PRT0021',28,'LOC0021','OUT0021',5000000,'IN0021',6,5000000,0),('Date0022',16,3,1,2018,'ITEM0022',5,'PRT0022',28,'LOC0022','OUT0022',10000000,'IN0022',5,10000000,0),('Date0023',18,3,1,2018,'ITEM0023',2,'PRT0023',29,'LOC0023','OUT0023',2000000,'IN0023',6,5000000,3000000),('Date0024',19,3,1,2018,'ITEM0024',3,'PRT0024',28,'LOC0024','OUT0024',2000000,'IN0024',8,5000000,3000000),('Date0025',27,3,1,2018,'ITEM0025',4,'PRT0025',26,'LOC0025','OUT0025',5000000,'IN0025',7,5000000,0),('Date0026',4,4,2,2018,'ITEM0026',5,'PRT0026',28,'LOC0026','OUT0026',2000000,'IN0026',8,5000000,3000000),('Date0027',8,4,2,2018,'ITEM0027',5,'PRT0027',29,'LOC0027','OUT0027',5000000,'IN0027',6,5000000,0),('Date0028',13,4,2,2018,'ITEM0028',2,'PRT0028',29,'LOC0028','OUT0028',2000000,'IN0028',12,5000000,3000000),('Date0029',16,4,2,2018,'ITEM0029',3,'PRT0029',26,'LOC0029','OUT0029',10000000,'IN0029',4,10000000,0),('Date0030',19,4,2,2018,'ITEM0030',3,'PRT0030',30,'LOC0030','OUT0030',2000000,'IN0030',6,5000000,3000000),('Date0031',22,4,2,2018,'ITEM0031',4,'PRT0031',28,'LOC0031','OUT0031',10000000,'IN0031',5,10000000,0),('Date0032',26,4,2,2018,'ITEM0032',5,'PRT0032',29,'LOC0032','OUT0032',8000000,'IN0032',6,10000000,2000000),('Date0033',28,4,2,2018,'ITEM0033',2,'PRT0033',29,'LOC0033','OUT0033',2000000,'IN0033',8,5000000,3000000),('Date0034',2,5,2,2018,'ITEM0034',3,'PRT0034',26,'LOC0034','OUT0034',2000000,'IN0034',7,5000000,3000000),('Date0035',6,5,2,2018,'ITEM0035',4,'PRT0035',27,'LOC0035','OUT0035',12000000,'IN0035',8,15000000,3000000),('Date0036',8,5,2,2018,'ITEM0036',5,'PRT0036',28,'LOC0036','OUT0036',2000000,'IN0036',7,5000000,3000000),('Date0037',14,5,2,2018,'ITEM0037',3,'PRT0037',25,'LOC0037','OUT0037',10000000,'IN0037',4,10000000,0),('Date0038',18,5,2,2018,'ITEM0038',4,'PRT0038',28,'LOC0038','OUT0038',2000000,'IN0038',10,5000000,3000000),('Date0039',24,5,2,2018,'ITEM0039',5,'PRT0039',29,'LOC0039','OUT0039',2000000,'IN0039',7,5000000,3000000),('Date0040',28,5,2,2018,'ITEM0040',2,'PRT0040',27,'LOC0040','OUT0040',5000000,'IN0040',8,5000000,0),('Date0041',30,5,2,2018,'ITEM0041',3,'PRT0041',28,'LOC0041','OUT0041',5000000,'IN0041',7,5000000,0),('Date0042',5,6,2,2018,'ITEM0042',4,'PRT0042',29,'LOC0042','OUT0042',2000000,'IN0042',9,5000000,3000000),('Date0043',10,6,2,2018,'ITEM0043',3,'PRT0043',28,'LOC0043','OUT0043',2000000,'IN0043',9,5000000,3000000),('Date0044',15,6,2,2018,'ITEM0044',4,'PRT0044',27,'LOC0044','OUT0044',2000000,'IN0044',5,5000000,3000000),('Date0045',20,6,2,2018,'ITEM0045',5,'PRT0045',28,'LOC0045','OUT0045',8000000,'IN0045',10,10000000,2000000),('Date0046',25,6,2,2018,'ITEM0046',4,'PRT0046',25,'LOC0046','OUT0046',10000000,'IN0046',9,10000000,0),('Date0047',27,6,2,2018,'ITEM0047',5,'PRT0047',28,'LOC0047','OUT0047',2000000,'IN0047',6,5000000,3000000),('Date0048',28,6,2,2018,'ITEM0048',3,'PRT0048',29,'LOC0048','OUT0048',10000000,'IN0048',5,10000000,0),('Date0049',29,6,2,2018,'ITEM0049',4,'PRT0049',27,'LOC0049','OUT0049',2000000,'IN0049',6,5000000,3000000),('Date0050',30,6,2,2018,'ITEM0050',5,'PRT0050',28,'LOC0050','OUT0050',2000000,'IN0050',8,5000000,3000000),('Date0051',1,7,3,2018,'ITEM0051',2,'PRT0051',29,'LOC0051','OUT0051',5000000,'IN0051',7,5000000,0),('Date0052',3,7,3,2018,'ITEM0052',3,'PRT0052',28,'LOC0052','OUT0052',5000000,'IN0052',8,5000000,0),('Date0053',7,7,3,2018,'ITEM0053',4,'PRT0053',28,'LOC0053','OUT0053',2000000,'IN0053',7,5000000,3000000),('Date0054',9,7,3,2018,'ITEM0054',3,'PRT0054',29,'LOC0054','OUT0054',5000000,'IN0054',4,5000000,0),('Date0055',11,7,3,2018,'ITEM0055',2,'PRT0055',27,'LOC0055','OUT0055',8000000,'IN0055',10,10000000,2000000),('Date0056',13,7,3,2018,'ITEM0056',3,'PRT0056',28,'LOC0056','OUT0056',2000000,'IN0056',7,5000000,3000000),('Date0057',16,7,3,2018,'ITEM0057',4,'PRT0057',29,'LOC0057','OUT0057',5000000,'IN0057',8,5000000,0),('Date0058',19,7,3,2018,'ITEM0058',5,'PRT0058',28,'LOC0058','OUT0058',2000000,'IN0058',7,5000000,3000000),('Date0059',9,8,3,2018,'ITEM0059',1,'PRT0059',26,'LOC0059','OUT0059',10000000,'IN0059',9,10000000,0),('Date0060',11,8,3,2018,'ITEM0060',2,'PRT0060',27,'LOC0060','OUT0060',2000000,'IN0060',9,5000000,3000000),('Date0061',15,8,3,2018,'ITEM0061',3,'PRT0061',28,'LOC0061','OUT0061',8000000,'IN0061',5,10000000,2000000),('Date0062',17,8,3,2018,'ITEM0062',2,'PRT0062',25,'LOC0062','OUT0062',2000000,'IN0062',10,5000000,3000000),('Date0063',25,8,3,2018,'ITEM0063',3,'PRT0063',28,'LOC0063','OUT0063',5000000,'IN0063',9,5000000,0),('Date0064',27,8,3,2018,'ITEM0064',4,'PRT0064',29,'LOC0064','OUT0064',10000000,'IN0064',8,10000000,0),('Date0065',30,8,3,2018,'ITEM0065',5,'PRT0065',27,'LOC0065','OUT0065',2000000,'IN0065',7,5000000,3000000),('Date0066',2,9,3,2018,'ITEM0066',1,'PRT0066',28,'LOC0066','OUT0066',2000000,'IN0066',8,5000000,3000000),('Date0067',4,9,3,2018,'ITEM0067',2,'PRT0067',29,'LOC0067','OUT0067',5000000,'IN0067',7,5000000,0),('Date0068',8,9,3,2018,'ITEM0068',5,'PRT0068',28,'LOC0068','OUT0068',2000000,'IN0068',4,5000000,3000000),('Date0069',13,9,3,2018,'ITEM0069',3,'PRT0069',29,'LOC0069','OUT0069',10000000,'IN0069',10,10000000,0),('Date0070',16,9,3,2018,'ITEM0070',2,'PRT0070',29,'LOC0070','OUT0070',2000000,'IN0070',7,5000000,3000000),('Date0071',19,9,3,2018,'ITEM0071',3,'PRT0071',26,'LOC0071','OUT0071',2000000,'IN0071',8,5000000,3000000),('Date0072',21,9,3,2018,'ITEM0072',4,'PRT0072',30,'LOC0072','OUT0072',10000000,'IN0072',7,10000000,0),('Date0073',24,9,3,2018,'ITEM0073',5,'PRT0073',28,'LOC0073','OUT0073',2000000,'IN0073',9,5000000,3000000),('Date0074',27,9,3,2018,'ITEM0074',1,'PRT0074',29,'LOC0074','OUT0074',2000000,'IN0074',8,5000000,3000000),('Date0075',30,9,3,2018,'ITEM0075',2,'PRT0075',28,'LOC0075','OUT0075',2000000,'IN0075',9,5000000,3000000),('Date0076',2,10,4,2018,'ITEM0076',4,'PRT0076',29,'LOC0076','OUT0076',5000000,'IN0076',6,5000000,0),('Date0077',4,10,4,2018,'ITEM0077',5,'PRT0077',29,'LOC0077','OUT0077',2000000,'IN0077',12,5000000,3000000),('Date0078',8,10,4,2018,'ITEM0078',2,'PRT0078',26,'LOC0078','OUT0078',8000000,'IN0078',7,10000000,2000000),('Date0079',16,10,4,2018,'ITEM0079',7,'PRT0079',30,'LOC0079','OUT0079',2000000,'IN0079',4,5000000,3000000),('Date0080',17,10,4,2018,'ITEM0080',3,'PRT0080',28,'LOC0080','OUT0080',10000000,'IN0080',6,10000000,0),('Date0081',19,10,4,2018,'ITEM0081',5,'PRT0081',26,'LOC0081','OUT0081',10000000,'IN0081',5,10000000,0),('Date0082',21,10,4,2018,'ITEM0082',2,'PRT0082',28,'LOC0082','OUT0082',5000000,'IN0082',6,5000000,0),('Date0083',23,10,4,2018,'ITEM0083',7,'PRT0083',29,'LOC0083','OUT0083',2000000,'IN0083',8,5000000,3000000),('Date0084',1,11,4,2018,'ITEM0084',3,'PRT0084',29,'LOC0084','OUT0084',2000000,'IN0084',7,5000000,3000000),('Date0085',3,11,4,2018,'ITEM0085',1,'PRT0085',28,'LOC0085','OUT0085',10000000,'IN0085',8,10000000,0),('Date0086',5,11,4,2018,'ITEM0086',2,'PRT0086',29,'LOC0086','OUT0086',5000000,'IN0086',7,5000000,0),('Date0087',7,11,4,2018,'ITEM0087',3,'PRT0087',28,'LOC0087','OUT0087',5000000,'IN0087',4,5000000,0),('Date0088',9,11,4,2018,'ITEM0088',4,'PRT0088',29,'LOC0088','OUT0088',2000000,'IN0088',10,5000000,3000000),('Date0089',11,11,4,2018,'ITEM0089',5,'PRT0089',29,'LOC0089','OUT0089',2000000,'IN0089',7,5000000,3000000),('Date0090',14,11,4,2018,'ITEM0090',3,'PRT0090',26,'LOC0090','OUT0090',10000000,'IN0090',8,10000000,0),('Date0091',30,11,4,2018,'ITEM0091',1,'PRT0091',30,'LOC0091','OUT0091',5000000,'IN0091',7,5000000,0),('Date0092',3,12,4,2018,'ITEM0092',2,'PRT0092',28,'LOC0092','OUT0092',8000000,'IN0092',9,10000000,2000000),('Date0093',7,12,4,2018,'ITEM0093',3,'PRT0093',29,'LOC0093','OUT0093',5000000,'IN0093',9,5000000,0),('Date0094',11,12,4,2018,'ITEM0094',4,'PRT0094',28,'LOC0094','OUT0094',10000000,'IN0094',5,10000000,0),('Date0095',16,12,4,2018,'ITEM0095',2,'PRT0095',26,'LOC0095','OUT0095',2000000,'IN0095',10,5000000,3000000),('Date0096',21,12,4,2018,'ITEM0096',3,'PRT0096',28,'LOC0096','OUT0096',5000000,'IN0096',9,5000000,0),('Date0097',24,12,4,2018,'ITEM0097',4,'PRT0097',29,'LOC0097','OUT0097',5000000,'IN0097',4,5000000,0),('Date0098',27,12,4,2018,'ITEM0098',5,'PRT0098',28,'LOC0098','OUT0098',2000000,'IN0098',9,5000000,3000000),('Date0099',28,12,4,2018,'ITEM0099',7,'PRT0099',26,'LOC0099','OUT0099',10000000,'IN0099',7,10000000,0),('Date0100',30,12,4,2018,'ITEM0100',8,'PRT0100',28,'LOC0100','OUT0100',10000000,'IN0100',6,10000000,0);

/*!40101 SET SQL_MODE=@OLD_SQL_MODE */;
/*!40014 SET FOREIGN_KEY_CHECKS=@OLD_FOREIGN_KEY_CHECKS */;
/*!40014 SET UNIQUE_CHECKS=@OLD_UNIQUE_CHECKS */;
/*!40111 SET SQL_NOTES=@OLD_SQL_NOTES */;
